<?xml version="1.0" encoding="UTF-8"?><Slot xmlns="http://hl7.org/fhir">
	<text>
		<status value="generated"/>
		<div xmlns="http://www.w3.org/1999/xhtml">
			25 Dec 2013 9:30am - 9:45am: <b>Unavailable</b> Physiotherapy<br/>
			Dr Careful is out of the office
		</div>
	</text>
	<type>
		<coding>
			<code value="45"/>
			<display value="Physiotherapy"/>
		</coding>
	</type>
	<availability>
		<reference value="Availability/example"/>
	</availability>
	<freeBusyType value="BUSY-UNAVAILABLE"/>
	<start value="2013-12-25T09:30:00Z"/>
	<end value="2013-12-25T09:45:00Z"/>
	<comment value="Dr Careful is out of the office"/>
	<lastModified value="2012-09-17"/>
</Slot>