<?xml version="1.0" encoding="UTF-8"?>

<Profile xmlns="http://hl7.org/fhir">
  <text>
    <status value="generated"/><div xmlns="http://www.w3.org/1999/xhtml"><div>Type definition for SampledData from <a href="http://hl7.org/fhir/datatypes.html#SampledData">FHIR Specification</a></div></div>
  </text>
  <name value="Basic Profile for SampledData"/>
  <publisher value="FHIR Specification"/>
  <description value="Basic Profile for SampledData for validation support"/>
  <status value="draft"/>
  <date value="2014-04-13"/>
  <mapping>
    <identity value="rim"/>
    <uri value="http://hl7.org/v3"/>
    <name value="RIM"/>
  </mapping>
  <mapping>
    <identity value="v2"/>
    <uri value="http://hl7.org/v2"/>
    <name value="HL7 v2"/>
  </mapping>
  <structure>
    <type value="SampledData"/>
    <element>
      <path value="SampledData"/>
      <definition>
        <short value="A series of measurements taken by a device"/>
        <formal value="A series of measurements taken by a device, with upper and lower limits. There may be more than one dimension in the data."/>
        <comments value="The data is not interpretable without at least origin, period, and dimensions, but these are optional to allow a separation between the template of measurement and the actual measurement, such as between DeviceCapabilities and DeviceLog."/>
        <min value="1"/>
        <max value="1"/>
        <type>
          <code value="Type"/>
        </type>
        <isModifier value="false"/>
        <mapping>
          <identity value="rim"/>
          <map value="SLIST + GLIST"/>
        </mapping>
        <mapping>
          <identity value="v2"/>
          <map value="N/A (but see section 7.14 in v2.7)"/>
        </mapping>
      </definition>
    </element>
    <element>
      <path value="SampledData.extension"/>
      <definition>
        <short value="Additional Content defined by implementations"/>
        <formal value="May be used to represent additional information that is not part of the basic definition of the resource. In order to make the use of extensions safe and manageable, there is a strict governance applied to the definition and use of extensions. Though any implementer is allowed to define an extension, there is a set of requirements that SHALL be met as part of the definition of the extension."/>
        <comments value="there can be no stigma associated with the use of extensions by any application, project, or standard - regardless of the institution or jurisdiction that uses or defines the extensions.  The use of extensions is what allows the FHIR specification to retain a core simplicity for everyone."/>
        <synonym value="extensions"/>
        <synonym value="user content"/>
        <min value="0"/>
        <max value="*"/>
        <type>
          <code value="Extension"/>
        </type>
        <isModifier value="false"/>
      </definition>
    </element>
    <element>
      <path value="SampledData.modifierExtension"/>
      <definition>
        <short value="Extensions that cannot be ignored"/>
        <formal value="May be used to represent additional information that is not part of the basic definition of the resource, and that modifies the understanding of the element that contains it. Usually modifier elements provide negation or qualification. In order to make the use of extensions safe and manageable, there is a strict governance applied to the definition and use of extensions. Though any implementer is allowed to define an extension, there is a set of requirements that SHALL be met as part of the definition of the extension. Applications processing a resource are required to check for modifier extensions."/>
        <comments value="there can be no stigma associated with the use of extensions by any application, project, or standard - regardless of the institution or jurisdiction that uses or defines the extensions.  The use of extensions is what allows the FHIR specification to retain a core simplicity for everyone."/>
        <synonym value="extensions"/>
        <synonym value="user content"/>
        <min value="0"/>
        <max value="*"/>
        <type>
          <code value="Extension"/>
        </type>
        <isModifier value="false"/>
      </definition>
    </element>
    <element>
      <path value="SampledData.origin"/>
      <definition>
        <short value="Zero value and units"/>
        <formal value="The base quantity that a measured value of zero represents. In addition, this provides the units of the entire measurement series."/>
        <min value="1"/>
        <max value="1"/>
        <type>
          <code value="Quantity"/>
        </type>
        <isModifier value="false"/>
        <mapping>
          <identity value="rim"/>
          <map value="SLIST.origin"/>
        </mapping>
      </definition>
    </element>
    <element>
      <path value="SampledData.period"/>
      <definition>
        <short value="Number of milliseconds between samples"/>
        <formal value="The length of time between sampling times, measured in milliseconds."/>
        <comments value="This is usually a whole number."/>
        <min value="1"/>
        <max value="1"/>
        <type>
          <code value="decimal"/>
        </type>
        <isModifier value="false"/>
        <mapping>
          <identity value="rim"/>
          <map value="GLIST.increment"/>
        </mapping>
      </definition>
    </element>
    <element>
      <path value="SampledData.factor"/>
      <definition>
        <short value="Multiply data by this before adding to origin"/>
        <formal value="A correction factor that is applied to the sampled data points before they are added to the origin."/>
        <min value="0"/>
        <max value="1"/>
        <type>
          <code value="decimal"/>
        </type>
        <isModifier value="false"/>
        <mapping>
          <identity value="rim"/>
          <map value="SLIST.factor"/>
        </mapping>
      </definition>
    </element>
    <element>
      <path value="SampledData.lowerLimit"/>
      <definition>
        <short value="Lower limit of detection"/>
        <formal value="The lower limit of detection of the measured points. This is needed if any of the data points have the value &quot;L&quot; (lower than detection limit)."/>
        <min value="0"/>
        <max value="1"/>
        <type>
          <code value="decimal"/>
        </type>
        <isModifier value="false"/>
        <mapping>
          <identity value="rim"/>
          <map value="N/A (use SLIST.digits.nullFlavor)"/>
        </mapping>
      </definition>
    </element>
    <element>
      <path value="SampledData.upperLimit"/>
      <definition>
        <short value="Upper limit of detection"/>
        <formal value="The upper limit of detection of the measured points. This is needed if any of the data points have the value &quot;U&quot; (higher than detection limit)."/>
        <min value="0"/>
        <max value="1"/>
        <type>
          <code value="decimal"/>
        </type>
        <isModifier value="false"/>
        <mapping>
          <identity value="rim"/>
          <map value="N/A (use SLIST.digits.nullFlavor)"/>
        </mapping>
      </definition>
    </element>
    <element>
      <path value="SampledData.dimensions"/>
      <definition>
        <short value="Number of sample points at each time point"/>
        <formal value="The number of sample points at each time point. If this value is greater than one, then the dimensions will be interlaced - all the sample points for a point in time will be recorded at once."/>
        <comments value="If there is more than one dimension, the code for the type of data will define the meaning of the dimensions (typically ECG data)."/>
        <min value="1"/>
        <max value="1"/>
        <type>
          <code value="integer"/>
        </type>
        <isModifier value="false"/>
        <mapping>
          <identity value="rim"/>
          <map value="N/A (fixed to 1)"/>
        </mapping>
      </definition>
    </element>
    <element>
      <path value="SampledData.data"/>
      <definition>
        <short value="Decimal values with spaces, or &quot;E&quot; | &quot;U&quot; | &quot;L&quot;"/>
        <formal value="A series of data points which are decimal values separated by a single space (character u20). The special values &quot;E&quot; (error), &quot;L&quot; (below detection limit) and &quot;U&quot; (above detection limit) can also be used in place of a decimal value."/>
        <min value="1"/>
        <max value="1"/>
        <type>
          <code value="string"/>
        </type>
        <isModifier value="false"/>
        <mapping>
          <identity value="rim"/>
          <map value="SLIST.digits"/>
        </mapping>
      </definition>
    </element>
  </structure>
</Profile>