<?xml version="1.0" encoding="UTF-8"?>

<Profile xmlns="http://hl7.org/fhir">
  <text>
    <status value="generated"/><div xmlns="http://www.w3.org/1999/xhtml"><div>Type definition for Coding from <a href="http://hl7.org/fhir/datatypes.html#Coding">FHIR Specification</a></div></div>
  </text>
  <name value="Basic Profile for Coding"/>
  <publisher value="FHIR Specification"/>
  <description value="Basic Profile for Coding for validation support"/>
  <status value="draft"/>
  <date value="2014-04-15"/>
  <mapping>
    <identity value="rim"/>
    <uri value="http://hl7.org/v3"/>
    <name value="RIM"/>
  </mapping>
  <mapping>
    <identity value="v2"/>
    <uri value="http://hl7.org/v2"/>
    <name value="HL7 v2"/>
  </mapping>
  <structure>
    <type value="Coding"/>
    <element>
      <path value="Coding"/>
      <definition>
        <short value="A reference to a code defined by a terminology system"/>
        <formal value="A reference to a code defined by a terminology system."/>
        <comments value="Codes may be defined very casually in enumerations or code lists, up to very formal definitions such as SNOMED CT - see the V3 Core Principles for more information."/>
        <min value="1"/>
        <max value="1"/>
        <type>
          <code value="Type"/>
        </type>
        <constraint>
          <key value="1"/>
          <name value="Value set doesn&#39;t substitute for system"/>
          <severity value="error"/>
          <human value="If a valueSet is provided, a system URI Is required"/>
          <xpath value="not (exists(f:valueSet) and exists(f:code)) or exists(f:system)"/>
        </constraint>
        <isModifier value="false"/>
        <mapping>
          <identity value="rim"/>
          <map value="CV"/>
        </mapping>
        <mapping>
          <identity value="v2"/>
          <map value="CE/CNE/CWE subset one of the sets of component 1-3 or 4-6"/>
        </mapping>
      </definition>
    </element>
    <element>
      <path value="Coding.extension"/>
      <definition>
        <short value="Additional Content defined by implementations"/>
        <formal value="May be used to represent additional information that is not part of the basic definition of the resource. In order to make the use of extensions safe and manageable, there is a strict governance applied to the definition and use of extensions. Though any implementer is allowed to define an extension, there is a set of requirements that SHALL be met as part of the definition of the extension."/>
        <comments value="there can be no stigma associated with the use of extensions by any application, project, or standard - regardless of the institution or jurisdiction that uses or defines the extensions.  The use of extensions is what allows the FHIR specification to retain a core simplicity for everyone."/>
        <synonym value="extensions"/>
        <synonym value="user content"/>
        <min value="0"/>
        <max value="*"/>
        <type>
          <code value="Extension"/>
        </type>
        <isModifier value="false"/>
      </definition>
    </element>
    <element>
      <path value="Coding.modifierExtension"/>
      <definition>
        <short value="Extensions that cannot be ignored"/>
        <formal value="May be used to represent additional information that is not part of the basic definition of the resource, and that modifies the understanding of the element that contains it. Usually modifier elements provide negation or qualification. In order to make the use of extensions safe and manageable, there is a strict governance applied to the definition and use of extensions. Though any implementer is allowed to define an extension, there is a set of requirements that SHALL be met as part of the definition of the extension. Applications processing a resource are required to check for modifier extensions."/>
        <comments value="there can be no stigma associated with the use of extensions by any application, project, or standard - regardless of the institution or jurisdiction that uses or defines the extensions.  The use of extensions is what allows the FHIR specification to retain a core simplicity for everyone."/>
        <synonym value="extensions"/>
        <synonym value="user content"/>
        <min value="0"/>
        <max value="*"/>
        <type>
          <code value="Extension"/>
        </type>
        <isModifier value="false"/>
      </definition>
    </element>
    <element>
      <path value="Coding.system"/>
      <definition>
        <short value="Identity of the terminology system"/>
        <formal value="The identification of the code system that defines the meaning of the symbol in the code."/>
        <comments value="The URI may be an OID (urn:oid:...) or a UUID (urn:uuid:...).  OIDs and UUIDs SHALL be references to the HL7 OID registry. Otherwise, the URI should come from HL7&#39;s list of FHIR defined special URIs or it should de-reference to some definition that establish the system clearly and unambiguously."/>
        <min value="0"/>
        <max value="1"/>
        <type>
          <code value="uri"/>
        </type>
        <isModifier value="false"/>
        <mapping>
          <identity value="rim"/>
          <map value="./codeSystem"/>
        </mapping>
        <mapping>
          <identity value="v2"/>
          <map value="C*E.3"/>
        </mapping>
      </definition>
    </element>
    <element>
      <path value="Coding.version"/>
      <definition>
        <short value="Version of the system - if relevant"/>
        <formal value="The version of the code system which was used when choosing this code. Note that a well-maintained code system does not need the version reported, because the meaning of codes is consistent across versions. However this cannot consistently be assured. and When the meaning is not guaranteed to be consistent, the version SHOULD be exchanged."/>
        <min value="0"/>
        <max value="1"/>
        <type>
          <code value="string"/>
        </type>
        <isModifier value="false"/>
        <mapping>
          <identity value="rim"/>
          <map value="./codeSystemVersion"/>
        </mapping>
        <mapping>
          <identity value="v2"/>
          <map value="C*E.7"/>
        </mapping>
      </definition>
    </element>
    <element>
      <path value="Coding.code"/>
      <definition>
        <short value="Symbol in syntax defined by the system"/>
        <formal value="A symbol in syntax defined by the system. The symbol may be a predefined code or an expression in a syntax defined by the coding system (e.g. post-coordination)."/>
        <min value="0"/>
        <max value="1"/>
        <type>
          <code value="code"/>
        </type>
        <isModifier value="false"/>
        <mapping>
          <identity value="rim"/>
          <map value="./code"/>
        </mapping>
        <mapping>
          <identity value="v2"/>
          <map value="C*E.1"/>
        </mapping>
      </definition>
    </element>
    <element>
      <path value="Coding.display"/>
      <definition>
        <short value="Representation defined by the system"/>
        <formal value="A representation of the meaning of the code in the system, following the rules of the system."/>
        <min value="0"/>
        <max value="1"/>
        <type>
          <code value="string"/>
        </type>
        <isModifier value="false"/>
        <mapping>
          <identity value="rim"/>
          <map value="CV.displayName"/>
        </mapping>
        <mapping>
          <identity value="v2"/>
          <map value="C*E.2 - but note this is not well followed"/>
        </mapping>
      </definition>
    </element>
    <element>
      <path value="Coding.primary"/>
      <definition>
        <short value="If this code was chosen directly by the user"/>
        <formal value="Indicates that this code was chosen by a user directly - i.e. off a pick list of available items (codes or displays)."/>
        <comments value="Amongst a set of alternatives, a directly chosen code is the most appropriate starting point for new translations."/>
        <min value="0"/>
        <max value="1"/>
        <type>
          <code value="boolean"/>
        </type>
        <isModifier value="false"/>
        <mapping>
          <identity value="rim"/>
          <map value="CD.codingRationale"/>
        </mapping>
        <mapping>
          <identity value="v2"/>
          <map value="Sometimes implied by being first"/>
        </mapping>
      </definition>
    </element>
    <element>
      <path value="Coding.valueSet"/>
      <definition>
        <short value="Set this coding was chosen from"/>
        <formal value="The set of possible coded values this coding was chosen from or constrained by."/>
        <min value="0"/>
        <max value="1"/>
        <type>
          <code value="ResourceReference"/>
          <profile value="http://hl7.org/fhir/profiles/ValueSet"/>
        </type>
        <isModifier value="false"/>
        <mapping>
          <identity value="rim"/>
          <map value="CD.valueSet / CD.valueSetVersion"/>
        </mapping>
        <mapping>
          <identity value="v2"/>
          <map value="C*E.16 - .19"/>
        </mapping>
      </definition>
    </element>
  </structure>
</Profile>