{
  "resourceType": "ConceptMap",
  "text": {
    "status": "generated",
    "div": "<div><h2>v3 map for ContactUse (http://hl7.org/fhir/cm/v3/contact-use)</h2><p>Mapping from <a href=\"contact-use.html\">http://hl7.org/fhir/vs/contact-use</a> to <a href=\"v3/AddressUse/index.html\">http://hl7.org/fhir/v3/vs/AddressUse</a></p><p>Draft. Published on 10-Apr 2014 6:0 by HL7 (FHIR Project) (<a href=\"http://hl7.org/fhir\">http://hl7.org/fhir</a>, <a href=\"mailto:fhir@lists.hl7.org\">fhir@lists.hl7.org</a>). </p><p>v3 Map (AddressUse)</p><br/><table class=\"grid\"><tr><td><b>Source Code</b></td><td><b>Equivalence</b></td><td><b>Destination Code</b></td></tr><tr><td>home</td><td>equal</td><td>H (home address)</td></tr><tr><td>work</td><td>equal</td><td>WP (work place)</td></tr><tr><td>temp</td><td>equal</td><td>TMP (temporary address)</td></tr><tr><td>old</td><td>narrower</td><td>OLD (no longer in use)</td></tr><tr><td>old</td><td>narrower</td><td>BAD (bad address)</td></tr><tr><td>mobile</td><td>equal</td><td>MC (mobile contact))</td></tr></table></div>"
  },
  "identifier": "http://hl7.org/fhir/cm/v3/contact-use",
  "name": "v3 map for ContactUse",
  "publisher": "HL7 (FHIR Project)",
  "telecom": [
    {
      "system": "url",
      "value": "http://hl7.org/fhir"
    },
    {
      "system": "email",
      "value": "fhir@lists.hl7.org"
    }
  ],
  "description": "v3 Map (AddressUse)",
  "status": "draft",
  "date": "2014-04-10T06:00:32.731-00:00",
  "source": {
    "reference": "http://hl7.org/fhir/vs/contact-use"
  },
  "target": {
    "reference": "http://hl7.org/fhir/v3/vs/AddressUse"
  },
  "concept": [
    {
      "system": "http://hl7.org/fhir/contact-use",
      "code": "home",
      "map": [
        {
          "system": "http://hl7.org/fhir/v3/AddressUse",
          "code": "H",
          "equivalence": "equal"
        }
      ]
    },
    {
      "system": "http://hl7.org/fhir/contact-use",
      "code": "work",
      "map": [
        {
          "system": "http://hl7.org/fhir/v3/AddressUse",
          "code": "WP",
          "equivalence": "equal"
        }
      ]
    },
    {
      "system": "http://hl7.org/fhir/contact-use",
      "code": "temp",
      "map": [
        {
          "system": "http://hl7.org/fhir/v3/AddressUse",
          "code": "TMP",
          "equivalence": "equal"
        }
      ]
    },
    {
      "system": "http://hl7.org/fhir/contact-use",
      "code": "old",
      "map": [
        {
          "system": "http://hl7.org/fhir/v3/AddressUse",
          "code": "OLD",
          "equivalence": "narrower"
        }
      ]
    },
    {
      "system": "http://hl7.org/fhir/contact-use",
      "code": "old",
      "map": [
        {
          "system": "http://hl7.org/fhir/v3/AddressUse",
          "code": "BAD",
          "equivalence": "narrower"
        }
      ]
    },
    {
      "system": "http://hl7.org/fhir/contact-use",
      "code": "mobile",
      "map": [
        {
          "system": "http://hl7.org/fhir/v3/AddressUse",
          "code": "MC",
          "equivalence": "equal"
        }
      ]
    }
  ]
}