{
  "resourceType": "ValueSet",
  "text": {
    "status": "generated",
    "div": "<div><h2>DocumentRelationshipType</h2><p>The type of relationship between documents</p><p>This value set defines its own terms in the system http://hl7.org/fhir/document-relationship-type</p><table><tr><td><b>Code</b></td><td><b>Display</b></td><td><b>Definition</b></td></tr><tr><td>replaces<a name=\"replaces\"> </a></td><td/><td>This document logically replaces or supercedes the target document.</td></tr><tr><td>transforms<a name=\"transforms\"> </a></td><td/><td>This document was generated by transforming the target document (e.g. format or language conversion).</td></tr><tr><td>signs<a name=\"signs\"> </a></td><td/><td>This document is a signature of the target document.</td></tr><tr><td>appends<a name=\"appends\"> </a></td><td/><td>This document adds additional information to the target document.</td></tr></table></div>"
  },
  "identifier": "http://hl7.org/fhir/vs/document-relationship-type",
  "name": "DocumentRelationshipType",
  "publisher": "HL7 (FHIR Project)",
  "telecom": [
    {
      "system": "url",
      "value": "http://hl7.org/fhir"
    },
    {
      "system": "email",
      "value": "fhir@lists.hl7.org"
    }
  ],
  "description": "The type of relationship between documents",
  "status": "draft",
  "date": "2014-04-15T06:55:42.494-00:00",
  "define": {
    "system": "http://hl7.org/fhir/document-relationship-type",
    "caseSensitive": true,
    "concept": [
      {
        "code": "replaces",
        "definition": "This document logically replaces or supercedes the target document."
      },
      {
        "code": "transforms",
        "definition": "This document was generated by transforming the target document (e.g. format or language conversion)."
      },
      {
        "code": "signs",
        "definition": "This document is a signature of the target document."
      },
      {
        "code": "appends",
        "definition": "This document adds additional information to the target document."
      }
    ]
  }
}