{
  "resourceType": "ConceptMap",
  "text": {
    "status": "generated",
    "div": "<div><h2>v3 map for DocumentReferenceStatus (http://hl7.org/fhir/cm/v3/document-reference-status)</h2><p>Mapping from <a href=\"document-reference-status.html\">http://hl7.org/fhir/vs/document-reference-status</a> to <a href=\"v3/ActStatus/index.html\">http://hl7.org/fhir/v3/vs/ActStatus</a></p><p>Draft. Published on 10-Apr 2014 8:35 by HL7 (FHIR Project) (<a href=\"http://hl7.org/fhir\">http://hl7.org/fhir</a>, <a href=\"mailto:fhir@lists.hl7.org\">fhir@lists.hl7.org</a>). </p><p>v3 Map (ActStatus)</p><br/><table class=\"grid\"><tr><td><b>Source Code</b></td><td><b>Equivalence</b></td><td><b>Destination Code</b></td></tr><tr><td>current</td><td>equivalent</td><td>active (active)</td></tr><tr><td>superceded</td><td>equivalent</td><td>obsolete (obsolete)</td></tr><tr><td>entered in error</td><td>equivalent</td><td>nullified (nullified)</td></tr></table></div>"
  },
  "identifier": "http://hl7.org/fhir/cm/v3/document-reference-status",
  "name": "v3 map for DocumentReferenceStatus",
  "publisher": "HL7 (FHIR Project)",
  "telecom": [
    {
      "system": "url",
      "value": "http://hl7.org/fhir"
    },
    {
      "system": "email",
      "value": "fhir@lists.hl7.org"
    }
  ],
  "description": "v3 Map (ActStatus)",
  "status": "draft",
  "date": "2014-04-10T08:35:04.626-00:00",
  "source": {
    "reference": "http://hl7.org/fhir/vs/document-reference-status"
  },
  "target": {
    "reference": "http://hl7.org/fhir/v3/vs/ActStatus"
  },
  "concept": [
    {
      "system": "http://hl7.org/fhir/document-reference-status",
      "code": "current",
      "map": [
        {
          "system": "http://hl7.org/fhir/v3/ActStatus",
          "code": "active",
          "equivalence": "equivalent"
        }
      ]
    },
    {
      "system": "http://hl7.org/fhir/document-reference-status",
      "code": "superceded",
      "map": [
        {
          "system": "http://hl7.org/fhir/v3/ActStatus",
          "code": "obsolete",
          "equivalence": "equivalent"
        }
      ]
    },
    {
      "system": "http://hl7.org/fhir/document-reference-status",
      "code": "entered in error",
      "map": [
        {
          "system": "http://hl7.org/fhir/v3/ActStatus",
          "code": "nullified",
          "equivalence": "equivalent"
        }
      ]
    }
  ]
}