{
  "resourceType": "ValueSet",
  "text": {
    "status": "generated",
    "div": "<div><h2>ExposureType</h2><p>The type of exposure that resulted in an adverse reaction</p><p>This value set defines its own terms in the system http://hl7.org/fhir/exposureType</p><table><tr><td><b>Code</b></td><td><b>Display</b></td><td><b>Definition</b></td></tr><tr><td>drugadmin<a name=\"drugadmin\"> </a></td><td/><td>Drug Administration.</td></tr><tr><td>immuniz<a name=\"immuniz\"> </a></td><td/><td>Immunization.</td></tr><tr><td>coincidental<a name=\"coincidental\"> </a></td><td/><td>In the same area as the substance.</td></tr></table></div>"
  },
  "identifier": "http://hl7.org/fhir/vs/exposureType",
  "name": "ExposureType",
  "publisher": "HL7 (FHIR Project)",
  "telecom": [
    {
      "system": "url",
      "value": "http://hl7.org/fhir"
    },
    {
      "system": "email",
      "value": "fhir@lists.hl7.org"
    }
  ],
  "description": "The type of exposure that resulted in an adverse reaction",
  "status": "draft",
  "date": "2014-04-11T01:43:04.015-00:00",
  "define": {
    "system": "http://hl7.org/fhir/exposureType",
    "caseSensitive": true,
    "concept": [
      {
        "code": "drugadmin",
        "definition": "Drug Administration."
      },
      {
        "code": "immuniz",
        "definition": "Immunization."
      },
      {
        "code": "coincidental",
        "definition": "In the same area as the substance."
      }
    ]
  }
}