{
  "resourceType": "ValueSet",
  "text": {
    "status": "generated",
    "div": "<div><h2>IssueSeverity</h2><p>How the issue affects the success of the action</p><p>This value set defines its own terms in the system http://hl7.org/fhir/issue-severity</p><table><tr><td><b>Code</b></td><td><b>Display</b></td><td><b>Definition</b></td></tr><tr><td>fatal<a name=\"fatal\"> </a></td><td/><td>The issue caused the action to fail, and no further checking could be performed.</td></tr><tr><td>error<a name=\"error\"> </a></td><td/><td>The issue is sufficiently important to cause the action to fail.</td></tr><tr><td>warning<a name=\"warning\"> </a></td><td/><td>The issue is not important enough to cause the action to fail, but may cause it to be performed suboptimally or in a way that is not as desired.</td></tr><tr><td>information<a name=\"information\"> </a></td><td/><td>The issue has no relation to the degree of success of the action.</td></tr></table></div>"
  },
  "identifier": "http://hl7.org/fhir/vs/issue-severity",
  "name": "IssueSeverity",
  "publisher": "HL7 (FHIR Project)",
  "telecom": [
    {
      "system": "url",
      "value": "http://hl7.org/fhir"
    },
    {
      "system": "email",
      "value": "fhir@lists.hl7.org"
    }
  ],
  "description": "How the issue affects the success of the action",
  "status": "draft",
  "date": "2014-04-15T19:53:37.090-00:00",
  "define": {
    "system": "http://hl7.org/fhir/issue-severity",
    "caseSensitive": true,
    "concept": [
      {
        "code": "fatal",
        "definition": "The issue caused the action to fail, and no further checking could be performed."
      },
      {
        "code": "error",
        "definition": "The issue is sufficiently important to cause the action to fail."
      },
      {
        "code": "warning",
        "definition": "The issue is not important enough to cause the action to fail, but may cause it to be performed suboptimally or in a way that is not as desired."
      },
      {
        "code": "information",
        "definition": "The issue has no relation to the degree of success of the action."
      }
    ]
  }
}