{
  "resourceType": "ValueSet",
  "text": {
    "status": "generated",
    "div": "<div><h2>LocationStatus</h2><p>Indicates whether the location is still in use</p><p>This value set defines its own terms in the system http://hl7.org/fhir/location-status</p><table><tr><td><b>Code</b></td><td><b>Display</b></td><td><b>Definition</b></td></tr><tr><td>active<a name=\"active\"> </a></td><td/><td>The location is operational.</td></tr><tr><td>suspended<a name=\"suspended\"> </a></td><td/><td>The location is temporarily closed.</td></tr><tr><td>inactive<a name=\"inactive\"> </a></td><td/><td>The location is no longer used.</td></tr></table></div>"
  },
  "identifier": "http://hl7.org/fhir/vs/location-status",
  "name": "LocationStatus",
  "publisher": "HL7 (FHIR Project)",
  "telecom": [
    {
      "system": "url",
      "value": "http://hl7.org/fhir"
    },
    {
      "system": "email",
      "value": "fhir@lists.hl7.org"
    }
  ],
  "description": "Indicates whether the location is still in use",
  "status": "draft",
  "date": "2014-04-10T06:00:30.266-00:00",
  "define": {
    "system": "http://hl7.org/fhir/location-status",
    "caseSensitive": true,
    "concept": [
      {
        "code": "active",
        "definition": "The location is operational."
      },
      {
        "code": "suspended",
        "definition": "The location is temporarily closed."
      },
      {
        "code": "inactive",
        "definition": "The location is no longer used."
      }
    ]
  }
}