{
  "resourceType": "ValueSet",
  "text": {
    "status": "generated",
    "div": "<div><h2>MessageSignificanceCategory</h2><p>The impact of the content of a message</p><p>This value set defines its own terms in the system http://hl7.org/fhir/message-significance-category</p><table><tr><td><b>Code</b></td><td><b>Display</b></td><td><b>Definition</b></td></tr><tr><td>Consequence<a name=\"Consequence\"> </a></td><td/><td>The message represents/requests a change that should not be processed more than once. E.g. Making a booking for an appointment.</td></tr><tr><td>Currency<a name=\"Currency\"> </a></td><td/><td>The message represents a response to query for current information. Retrospective processing is wrong and/or wasteful.</td></tr><tr><td>Notification<a name=\"Notification\"> </a></td><td/><td>The content is not necessarily intended to be current, and it can be reprocessed, though there may be version issues created by processing old notifications.</td></tr></table></div>"
  },
  "identifier": "http://hl7.org/fhir/vs/message-significance-category",
  "name": "MessageSignificanceCategory",
  "publisher": "HL7 (FHIR Project)",
  "telecom": [
    {
      "system": "url",
      "value": "http://hl7.org/fhir"
    },
    {
      "system": "email",
      "value": "fhir@lists.hl7.org"
    }
  ],
  "description": "The impact of the content of a message",
  "status": "draft",
  "date": "2014-04-15T03:36:34.157-00:00",
  "define": {
    "system": "http://hl7.org/fhir/message-significance-category",
    "caseSensitive": true,
    "concept": [
      {
        "code": "Consequence",
        "definition": "The message represents/requests a change that should not be processed more than once. E.g. Making a booking for an appointment."
      },
      {
        "code": "Currency",
        "definition": "The message represents a response to query for current information. Retrospective processing is wrong and/or wasteful."
      },
      {
        "code": "Notification",
        "definition": "The content is not necessarily intended to be current, and it can be reprocessed, though there may be version issues created by processing old notifications."
      }
    ]
  }
}