{
  "resourceType": "ValueSet",
  "text": {
    "status": "generated",
    "div": "<div><h2>NamespaceStatus</h2><p>Indicates whether the namespace should be used</p><p>This value set defines its own terms in the system http://hl7.org/fhir/namespace-status</p><table><tr><td><b>Code</b></td><td><b>Display</b></td><td><b>Definition</b></td></tr><tr><td>proposed<a name=\"proposed\"> </a></td><td/><td>System has been submitted but not yet approved.</td></tr><tr><td>active<a name=\"active\"> </a></td><td/><td>System is valid for use.</td></tr><tr><td>retired<a name=\"retired\"> </a></td><td/><td>System should no longer be used.</td></tr></table></div>"
  },
  "identifier": "http://hl7.org/fhir/vs/namespace-status",
  "name": "NamespaceStatus",
  "publisher": "HL7 (FHIR Project)",
  "telecom": [
    {
      "system": "url",
      "value": "http://hl7.org/fhir"
    },
    {
      "system": "email",
      "value": "fhir@lists.hl7.org"
    }
  ],
  "description": "Indicates whether the namespace should be used",
  "status": "draft",
  "date": "2014-04-10T08:35:03.568-00:00",
  "define": {
    "system": "http://hl7.org/fhir/namespace-status",
    "caseSensitive": true,
    "concept": [
      {
        "code": "proposed",
        "definition": "System has been submitted but not yet approved."
      },
      {
        "code": "active",
        "definition": "System is valid for use."
      },
      {
        "code": "retired",
        "definition": "System should no longer be used."
      }
    ]
  }
}