{
  "resourceType": "ValueSet",
  "text": {
    "status": "generated",
    "div": "<div><h2>EntityNamePartQualifier</h2><p>A set of codes each of which specifies a certain subcategory of the name part in addition to the main name part type</p><p>This value set includes codes defined in other code systems, using the following rules:</p><ul><li>Include these codes as defined in http://hl7.org/fhir/v3/EntityNamePartQualifier2<table><tr><td><b>Code</b></td><td><b>Display</b></td><td><b>Definition</b></td></tr><tr><td>LS</td><td/><td>For organizations a suffix indicating the legal status, e.g., Inc., &quot;Co.&quot;, &quot;AG&quot;, &quot;GmbH&quot;, &quot;B.V.&quot; &quot;S.A.&quot;, &quot;Ltd.&quot; Etc.</td></tr><tr><td>AC</td><td/><td>Indicates that a prefix like &quot;Dr.&quot; or a suffix like &quot;M.D.&quot; or &quot;Ph.D.&quot; is an academic title.</td></tr><tr><td>NB</td><td/><td>In Europe and Asia, there are still people with nobility titles (aristocrats). German &quot;von&quot; is generally a nobility title, not a mere voorvoegsel. Others are &quot;Earl of&quot; or &quot;His Majesty King of...&quot; etc. Rarely used nowadays, but some systems do keep \ntrack of this.</td></tr><tr><td>PR</td><td/><td>Primarily in the British Imperial culture people tend to have an abbreviation of their professional organization as part of their credential suffices.</td></tr><tr><td>HON</td><td/><td>An honorific such as &quot;The Right Honourable&quot; or &quot;Weledelgeleerde Heer&quot;.</td></tr><tr><td>BR</td><td/><td>A name that a person was given at birth or established as a consequence of adoption. NOTE: This is not used for temporary names assigned at birth such as 'Baby of Smith' – which is just a name with a use code of TEMP.</td></tr><tr><td>AD</td><td/><td>A name part a person acquired. The name part may be acquired by adoption, or the person may have chosen to use the name part for some other reason. NOTE  This differs from an other/psuedonym/alias in that an acquired name part is acquired on a formal basis rather than an informal one (e.g. registered as part of the official name).</td></tr><tr><td>SP</td><td/><td>The name assumed from the partner in a marital relationship. Usually the spouse‘s family name. No inference about gender may be made from the existence of spouse names.</td></tr><tr><td>MID</td><td/><td>Indicates that the name part is a middle name. In general, the  English  &quot;middle name&quot;  concept is all of the given names after the first. This qualifier may be used to explicitly indicate which given names are considered to be middle names. The middle name qualifier may also be used with family names. This is a Scandinavian use case, matching the concept of &quot;mellomnavn&quot;/&quot;mellannamn&quot;. There are specific rules that indicate what names may be taken as a mellannamnin different Scandinavian countries.</td></tr><tr><td>CL</td><td/><td>Callme is used to indicate which of the various name parts is used when interacting with the person.</td></tr><tr><td>IN</td><td/><td>Indicates that a name part is just an initial. Initials do not imply a trailing period since this would not work with non-Latin scripts. Initials may consist of more than one letter, e.g., &quot;Ph.&quot; could stand for &quot;Philippe&quot; or &quot;Th.&quot; for &quot;Thomas&quot;.</td></tr></table></li></ul></div>"
  },
  "identifier": "http://hl7.org/fhir/vs/name-part-qualifier",
  "name": "EntityNamePartQualifier",
  "publisher": "HL7 (FHIR Project)",
  "telecom": [
    {
      "system": "url",
      "value": "http://hl7.org/fhir"
    },
    {
      "system": "email",
      "value": "fhir@lists.hl7.org"
    }
  ],
  "description": "A set of codes each of which specifies a certain subcategory of the name part in addition to the main name part type",
  "status": "draft",
  "date": "2014-04-15T03:36:34.160-00:00",
  "compose": {
    "include": [
      {
        "system": "http://hl7.org/fhir/v3/EntityNamePartQualifier2",
        "code": [
          "LS",
          "AC",
          "NB",
          "PR",
          "HON",
          "BR",
          "AD",
          "SP",
          "MID",
          "CL",
          "IN"
        ],
        "_code": [
          {
            "extension": [
              {
                "url": "http://hl7.org/fhir/Profile/tools-extensions#definition",
                "valueString": "For organizations a suffix indicating the legal status, e.g., Inc., \"Co.\", \"AG\", \"GmbH\", \"B.V.\" \"S.A.\", \"Ltd.\" Etc."
              }
            ]
          },
          {
            "extension": [
              {
                "url": "http://hl7.org/fhir/Profile/tools-extensions#definition",
                "valueString": "Indicates that a prefix like \"Dr.\" or a suffix like \"M.D.\" or \"Ph.D.\" is an academic title."
              }
            ]
          },
          {
            "extension": [
              {
                "url": "http://hl7.org/fhir/Profile/tools-extensions#definition",
                "valueString": "In Europe and Asia, there are still people with nobility titles (aristocrats). German \"von\" is generally a nobility title, not a mere voorvoegsel. Others are \"Earl of\" or \"His Majesty King of...\" etc. Rarely used nowadays, but some systems do keep \ntrack of this."
              }
            ]
          },
          {
            "extension": [
              {
                "url": "http://hl7.org/fhir/Profile/tools-extensions#definition",
                "valueString": "Primarily in the British Imperial culture people tend to have an abbreviation of their professional organization as part of their credential suffices."
              }
            ]
          },
          {
            "extension": [
              {
                "url": "http://hl7.org/fhir/Profile/tools-extensions#definition",
                "valueString": "An honorific such as \"The Right Honourable\" or \"Weledelgeleerde Heer\"."
              }
            ]
          },
          {
            "extension": [
              {
                "url": "http://hl7.org/fhir/Profile/tools-extensions#definition",
                "valueString": "A name that a person was given at birth or established as a consequence of adoption. NOTE: This is not used for temporary names assigned at birth such as 'Baby of Smith' – which is just a name with a use code of TEMP."
              }
            ]
          },
          {
            "extension": [
              {
                "url": "http://hl7.org/fhir/Profile/tools-extensions#definition",
                "valueString": "A name part a person acquired. The name part may be acquired by adoption, or the person may have chosen to use the name part for some other reason. NOTE  This differs from an other/psuedonym/alias in that an acquired name part is acquired on a formal basis rather than an informal one (e.g. registered as part of the official name)."
              }
            ]
          },
          {
            "extension": [
              {
                "url": "http://hl7.org/fhir/Profile/tools-extensions#definition",
                "valueString": "The name assumed from the partner in a marital relationship. Usually the spouse‘s family name. No inference about gender may be made from the existence of spouse names."
              }
            ]
          },
          {
            "extension": [
              {
                "url": "http://hl7.org/fhir/Profile/tools-extensions#definition",
                "valueString": "Indicates that the name part is a middle name. In general, the  English  \"middle name\"  concept is all of the given names after the first. This qualifier may be used to explicitly indicate which given names are considered to be middle names. The middle name qualifier may also be used with family names. This is a Scandinavian use case, matching the concept of \"mellomnavn\"/\"mellannamn\". There are specific rules that indicate what names may be taken as a mellannamnin different Scandinavian countries."
              }
            ]
          },
          {
            "extension": [
              {
                "url": "http://hl7.org/fhir/Profile/tools-extensions#definition",
                "valueString": "Callme is used to indicate which of the various name parts is used when interacting with the person."
              }
            ]
          },
          {
            "extension": [
              {
                "url": "http://hl7.org/fhir/Profile/tools-extensions#definition",
                "valueString": "Indicates that a name part is just an initial. Initials do not imply a trailing period since this would not work with non-Latin scripts. Initials may consist of more than one letter, e.g., \"Ph.\" could stand for \"Philippe\" or \"Th.\" for \"Thomas\"."
              }
            ]
          }
        ]
      }
    ]
  }
}