{
  "resourceType": "ConceptMap",
  "text": {
    "status": "generated",
    "div": "<div><h2>v3 map for ObservationRelationshipType (http://hl7.org/fhir/cm/v3/observation-relationshiptypes)</h2><p>Mapping from <a href=\"observation-relationshiptypes.html\">http://hl7.org/fhir/vs/observation-relationshiptypes</a> to <a href=\"v3/ActRelationshipType/index.html\">http://hl7.org/fhir/v3/vs/ActRelationshipType</a></p><p>Draft. Published on 15-Apr 2014 3:36 by HL7 (FHIR Project) (<a href=\"http://hl7.org/fhir\">http://hl7.org/fhir</a>, <a href=\"mailto:fhir@lists.hl7.org\">fhir@lists.hl7.org</a>). </p><p>v3 Map (ActRrelationshipType)</p><br/><table class=\"grid\"><tr><td><b>Source Code</b></td><td><b>Equivalence</b></td><td><b>Destination Code</b></td></tr><tr><td>has-component</td><td>equal</td><td>COMP</td></tr><tr><td>has-member</td><td>equal</td><td>MBR</td></tr><tr><td>derived-from</td><td>equal</td><td>DRIV</td></tr><tr><td>sequel-to</td><td>equal</td><td>SEQL</td></tr><tr><td>replaces</td><td>equal</td><td>RPLC</td></tr><tr><td>qualified-by</td><td>equal</td><td>QUALF</td></tr><tr><td>interfered-by</td><td>equal</td><td>INTF</td></tr></table></div>"
  },
  "identifier": "http://hl7.org/fhir/cm/v3/observation-relationshiptypes",
  "name": "v3 map for ObservationRelationshipType",
  "publisher": "HL7 (FHIR Project)",
  "telecom": [
    {
      "system": "url",
      "value": "http://hl7.org/fhir"
    },
    {
      "system": "email",
      "value": "fhir@lists.hl7.org"
    }
  ],
  "description": "v3 Map (ActRrelationshipType)",
  "status": "draft",
  "date": "2014-04-15T03:36:36.850-00:00",
  "source": {
    "reference": "http://hl7.org/fhir/vs/observation-relationshiptypes"
  },
  "target": {
    "reference": "http://hl7.org/fhir/v3/vs/ActRelationshipType"
  },
  "concept": [
    {
      "system": "http://hl7.org/fhir/observation-relationshiptypes",
      "code": "has-component",
      "map": [
        {
          "system": "http://hl7.org/fhir/v3/ActRrelationshipType",
          "code": "COMP",
          "equivalence": "equal"
        }
      ]
    },
    {
      "system": "http://hl7.org/fhir/observation-relationshiptypes",
      "code": "has-member",
      "map": [
        {
          "system": "http://hl7.org/fhir/v3/ActRrelationshipType",
          "code": "MBR",
          "equivalence": "equal"
        }
      ]
    },
    {
      "system": "http://hl7.org/fhir/observation-relationshiptypes",
      "code": "derived-from",
      "map": [
        {
          "system": "http://hl7.org/fhir/v3/ActRrelationshipType",
          "code": "DRIV",
          "equivalence": "equal"
        }
      ]
    },
    {
      "system": "http://hl7.org/fhir/observation-relationshiptypes",
      "code": "sequel-to",
      "map": [
        {
          "system": "http://hl7.org/fhir/v3/ActRrelationshipType",
          "code": "SEQL",
          "equivalence": "equal"
        }
      ]
    },
    {
      "system": "http://hl7.org/fhir/observation-relationshiptypes",
      "code": "replaces",
      "map": [
        {
          "system": "http://hl7.org/fhir/v3/ActRrelationshipType",
          "code": "RPLC",
          "equivalence": "equal"
        }
      ]
    },
    {
      "system": "http://hl7.org/fhir/observation-relationshiptypes",
      "code": "qualified-by",
      "map": [
        {
          "system": "http://hl7.org/fhir/v3/ActRrelationshipType",
          "code": "QUALF",
          "equivalence": "equal"
        }
      ]
    },
    {
      "system": "http://hl7.org/fhir/observation-relationshiptypes",
      "code": "interfered-by",
      "map": [
        {
          "system": "http://hl7.org/fhir/v3/ActRrelationshipType",
          "code": "INTF",
          "equivalence": "equal"
        }
      ]
    }
  ]
}