{
  "resourceType": "ValueSet",
  "text": {
    "status": "generated",
    "div": "<div><h2>ParticipationStatus</h2><p>The Participation status of an appointment</p><p>This value set defines its own terms in the system http://hl7.org/fhir/participationstatus</p><table><tr><td><b>Code</b></td><td><b>Display</b></td><td><b>Definition</b></td></tr><tr><td>accepted<a name=\"accepted\"> </a></td><td/><td>The participant has accepted the appointment.</td></tr><tr><td>declined<a name=\"declined\"> </a></td><td/><td>The participant has declined the appointment.</td></tr><tr><td>tentative<a name=\"tentative\"> </a></td><td/><td>The participant has tentative the appointment.</td></tr><tr><td>in-process<a name=\"in-process\"> </a></td><td/><td>The participant has in-process the appointment.</td></tr><tr><td>completed<a name=\"completed\"> </a></td><td/><td>The participant has completed the appointment.</td></tr><tr><td>needs-action<a name=\"needs-action\"> </a></td><td/><td>The participant has needs-action the appointment.</td></tr></table></div>"
  },
  "identifier": "http://hl7.org/fhir/vs/participationstatus",
  "name": "ParticipationStatus",
  "publisher": "HL7 (FHIR Project)",
  "telecom": [
    {
      "system": "url",
      "value": "http://hl7.org/fhir"
    },
    {
      "system": "email",
      "value": "fhir@lists.hl7.org"
    }
  ],
  "description": "The Participation status of an appointment",
  "status": "draft",
  "date": "2014-04-10T02:22:13.291-00:00",
  "define": {
    "system": "http://hl7.org/fhir/participationstatus",
    "caseSensitive": true,
    "concept": [
      {
        "code": "accepted",
        "definition": "The participant has accepted the appointment."
      },
      {
        "code": "declined",
        "definition": "The participant has declined the appointment."
      },
      {
        "code": "tentative",
        "definition": "The participant has tentative the appointment."
      },
      {
        "code": "in-process",
        "definition": "The participant has in-process the appointment."
      },
      {
        "code": "completed",
        "definition": "The participant has completed the appointment."
      },
      {
        "code": "needs-action",
        "definition": "The participant has needs-action the appointment."
      }
    ]
  }
}