{
  "resourceType": "ValueSet",
  "text": {
    "status": "generated",
    "div": "<div><h2>QuantityCompararator</h2><p>How the Quantity should be understood and represented</p><p>This value set defines its own terms in the system http://hl7.org/fhir/quantity-comparator</p><table><tr><td><b>Code</b></td><td><b>Display</b></td><td><b>Definition</b></td></tr><tr><td>&lt;<a name=\".60\"> </a></td><td/><td>The actual value is less than the given value.</td></tr><tr><td>&lt;=<a name=\".60.61\"> </a></td><td/><td>The actual value is less than or equal to the given value.</td></tr><tr><td>&gt;=<a name=\".62.61\"> </a></td><td/><td>The actual value is greater than or equal to the given value.</td></tr><tr><td>&gt;<a name=\".62\"> </a></td><td/><td>The actual value is greater than the given value.</td></tr></table></div>"
  },
  "identifier": "http://hl7.org/fhir/vs/quantity-comparator",
  "name": "QuantityCompararator",
  "publisher": "HL7 (FHIR Project)",
  "telecom": [
    {
      "system": "url",
      "value": "http://hl7.org/fhir"
    },
    {
      "system": "email",
      "value": "fhir@lists.hl7.org"
    }
  ],
  "description": "How the Quantity should be understood and represented",
  "status": "draft",
  "date": "2014-04-11T01:43:04.021-00:00",
  "define": {
    "system": "http://hl7.org/fhir/quantity-comparator",
    "caseSensitive": true,
    "concept": [
      {
        "code": "<",
        "definition": "The actual value is less than the given value."
      },
      {
        "code": "<=",
        "definition": "The actual value is less than or equal to the given value."
      },
      {
        "code": ">=",
        "definition": "The actual value is greater than or equal to the given value."
      },
      {
        "code": ">",
        "definition": "The actual value is greater than the given value."
      }
    ]
  }
}