{
  "resourceType": "ValueSet",
  "text": {
    "status": "generated",
    "div": "<div><h2>RestfulConformanceMode</h2><p>The mode of a RESTful conformance statement</p><p>This value set defines its own terms in the system http://hl7.org/fhir/restful-conformance-mode</p><table><tr><td><b>Code</b></td><td><b>Display</b></td><td><b>Definition</b></td></tr><tr><td>client<a name=\"client\"> </a></td><td/><td>The application acts as a server for this resource.</td></tr><tr><td>server<a name=\"server\"> </a></td><td/><td>The application acts as a client for this resource.</td></tr></table></div>"
  },
  "identifier": "http://hl7.org/fhir/vs/restful-conformance-mode",
  "name": "RestfulConformanceMode",
  "publisher": "HL7 (FHIR Project)",
  "telecom": [
    {
      "system": "url",
      "value": "http://hl7.org/fhir"
    },
    {
      "system": "email",
      "value": "fhir@lists.hl7.org"
    }
  ],
  "description": "The mode of a RESTful conformance statement",
  "status": "draft",
  "date": "2014-04-12T04:31:04.001-00:00",
  "define": {
    "system": "http://hl7.org/fhir/restful-conformance-mode",
    "caseSensitive": true,
    "concept": [
      {
        "code": "client",
        "definition": "The application acts as a server for this resource."
      },
      {
        "code": "server",
        "definition": "The application acts as a client for this resource."
      }
    ]
  }
}