{
  "resourceType": "ValueSet",
  "text": {
    "status": "generated",
    "div": "<div><h2>SensitivityType</h2><p>The type of an adverse sensitivity</p><p>This value set defines its own terms in the system http://hl7.org/fhir/sensitivitytype</p><table><tr><td><b>Code</b></td><td><b>Display</b></td><td><b>Definition</b></td></tr><tr><td>allergy<a name=\"allergy\"> </a></td><td/><td>Allergic Reaction.</td></tr><tr><td>intolerance<a name=\"intolerance\"> </a></td><td/><td>Non-Allergic Reaction.</td></tr><tr><td>unknown<a name=\"unknown\"> </a></td><td/><td>Unknown type.</td></tr></table></div>"
  },
  "identifier": "http://hl7.org/fhir/vs/sensitivitytype",
  "name": "SensitivityType",
  "publisher": "HL7 (FHIR Project)",
  "telecom": [
    {
      "system": "url",
      "value": "http://hl7.org/fhir"
    },
    {
      "system": "email",
      "value": "fhir@lists.hl7.org"
    }
  ],
  "description": "The type of an adverse sensitivity",
  "status": "draft",
  "date": "2014-04-15T02:00:40.021-00:00",
  "define": {
    "system": "http://hl7.org/fhir/sensitivitytype",
    "caseSensitive": true,
    "concept": [
      {
        "code": "allergy",
        "definition": "Allergic Reaction."
      },
      {
        "code": "intolerance",
        "definition": "Non-Allergic Reaction."
      },
      {
        "code": "unknown",
        "definition": "Unknown type."
      }
    ]
  }
}