{
  "resourceType": "ValueSet",
  "text": {
    "status": "generated",
    "div": "<div><h2>SlotStatus</h2><p>The free/busy status of an appointment</p><p>This value set defines its own terms in the system http://hl7.org/fhir/slotstatus</p><table><tr><td><b>Code</b></td><td><b>Display</b></td><td><b>Definition</b></td></tr><tr><td>BUSY<a name=\"BUSY\"> </a></td><td/><td>Indicates that the time interval is busy because one  or more events have been scheduled for that interval.</td></tr><tr><td>FREE<a name=\"FREE\"> </a></td><td/><td>Indicates that the time interval is free for scheduling.</td></tr><tr><td>BUSY-UNAVAILABLE<a name=\"BUSY-UNAVAILABLE\"> </a></td><td/><td>Indicates that the time interval is busy and that the interval can not be scheduled.</td></tr><tr><td>BUSY-TENTATIVE<a name=\"BUSY-TENTATIVE\"> </a></td><td/><td>Indicates that the time interval is busy because one or more events have been tentatively scheduled for that interval.</td></tr></table></div>"
  },
  "identifier": "http://hl7.org/fhir/vs/slotstatus",
  "name": "SlotStatus",
  "publisher": "HL7 (FHIR Project)",
  "telecom": [
    {
      "system": "url",
      "value": "http://hl7.org/fhir"
    },
    {
      "system": "email",
      "value": "fhir@lists.hl7.org"
    }
  ],
  "description": "The free/busy status of an appointment",
  "status": "draft",
  "date": "2014-04-15T03:36:34.158-00:00",
  "define": {
    "system": "http://hl7.org/fhir/slotstatus",
    "caseSensitive": true,
    "concept": [
      {
        "code": "BUSY",
        "definition": "Indicates that the time interval is busy because one  or more events have been scheduled for that interval."
      },
      {
        "code": "FREE",
        "definition": "Indicates that the time interval is free for scheduling."
      },
      {
        "code": "BUSY-UNAVAILABLE",
        "definition": "Indicates that the time interval is busy and that the interval can not be scheduled."
      },
      {
        "code": "BUSY-TENTATIVE",
        "definition": "Indicates that the time interval is busy because one or more events have been tentatively scheduled for that interval."
      }
    ]
  }
}