{
  "resourceType": "Profile",
  "text": {
    "status": "generated",
    "div": "<div><div>Type definition for HumanName from <a href=\"http://hl7.org/fhir/datatypes.html#HumanName\">FHIR Specification</a></div></div>"
  },
  "name": "Basic Profile for HumanName",
  "publisher": "FHIR Specification",
  "description": "Basic Profile for HumanName for validation support",
  "status": "draft",
  "date": "2014-04-10",
  "mapping": [
    {
      "identity": "rim",
      "uri": "http://hl7.org/v3",
      "name": "RIM"
    },
    {
      "identity": "v2",
      "uri": "http://hl7.org/v2",
      "name": "HL7 v2"
    },
    {
      "identity": "servd",
      "uri": "http://www.omg.org/spec/ServD/1.0/",
      "name": "ServD"
    }
  ],
  "structure": [
    {
      "type": "HumanName",
      "element": [
        {
          "path": "HumanName",
          "definition": {
            "short": "Name of a human - parts and usage",
            "formal": "A human's name with the ability to identify parts and usage.",
            "comments": "Names may be changed, or repudiated, or people may have different names in different contexts. Names may be divided into parts of different type that have variable significance depending on context, though the division into parts does not always matter. With personal names, the different parts may or may not be imbued with some implicit meaning; various cultures associate different importance with the name parts and the degree to which systems must care about name parts around the world varies widely.",
            "min": 1,
            "max": "1",
            "type": [
              {
                "code": "Structure"
              }
            ],
            "isModifier": false,
            "mapping": [
              {
                "identity": "rim",
                "map": "EN (actually, PN)"
              },
              {
                "identity": "v2",
                "map": "XPN"
              },
              {
                "identity": "servd",
                "map": "ProviderName"
              }
            ]
          }
        },
        {
          "path": "HumanName.extension",
          "definition": {
            "short": "Additional Content defined by implementations",
            "formal": "May be used to represent additional information that is not part of the basic definition of the resource. In order to make the use of extensions safe and manageable, there is a strict governance applied to the definition and use of extensions. Though any implementer is allowed to define an extension, there is a set of requirements that SHALL be met as part of the definition of the extension.",
            "comments": "there can be no stigma associated with the use of extensions by any application, project, or standard - regardless of the institution or jurisdiction that uses or defines the extensions.  The use of extensions is what allows the FHIR specification to retain a core simplicity for everyone.",
            "synonym": [
              "extensions",
              "user content"
            ],
            "min": 0,
            "max": "*",
            "type": [
              {
                "code": "Extension"
              }
            ],
            "isModifier": false
          }
        },
        {
          "path": "HumanName.modifierExtension",
          "definition": {
            "short": "Extensions that cannot be ignored",
            "formal": "May be used to represent additional information that is not part of the basic definition of the resource, and that modifies the understanding of the element that contains it. Usually modifier elements provide negation or qualification. In order to make the use of extensions safe and manageable, there is a strict governance applied to the definition and use of extensions. Though any implementer is allowed to define an extension, there is a set of requirements that SHALL be met as part of the definition of the extension. Applications processing a resource are required to check for modifier extensions.",
            "comments": "there can be no stigma associated with the use of extensions by any application, project, or standard - regardless of the institution or jurisdiction that uses or defines the extensions.  The use of extensions is what allows the FHIR specification to retain a core simplicity for everyone.",
            "synonym": [
              "extensions",
              "user content"
            ],
            "min": 0,
            "max": "*",
            "type": [
              {
                "code": "Extension"
              }
            ],
            "isModifier": false
          }
        },
        {
          "path": "HumanName.use",
          "definition": {
            "short": "usual | official | temp | nickname | anonymous | old | maiden",
            "formal": "Identifies the purpose for this name.",
            "comments": "This is labeled as \"Is Modifier\" because applications should not mistake a temporary or old name etc for a current/permanent one. Applications can assume that a name is current unless it explicitly says that it is temporary or old.",
            "min": 0,
            "max": "1",
            "type": [
              {
                "code": "code"
              }
            ],
            "isModifier": true,
            "binding": {
              "name": "NameUse",
              "isExtensible": false,
              "conformance": "required",
              "description": "The use of a human name",
              "referenceResource": {
                "reference": "http://hl7.org/fhir/vs/name-use"
              }
            },
            "mapping": [
              {
                "identity": "rim",
                "map": "unique(./use)"
              },
              {
                "identity": "v2",
                "map": "XPN.7, but often indicated by which field contains the name"
              },
              {
                "identity": "servd",
                "map": "./NamePurpose"
              }
            ]
          }
        },
        {
          "path": "HumanName.text",
          "definition": {
            "short": "Text representation of the full name",
            "formal": "A full text representation of the name.",
            "comments": "Can provide both a text representation and structured parts.",
            "min": 0,
            "max": "1",
            "type": [
              {
                "code": "string"
              }
            ],
            "isModifier": false,
            "mapping": [
              {
                "identity": "rim",
                "map": "./formatted"
              },
              {
                "identity": "v2",
                "map": "implied by XPN.11"
              }
            ]
          }
        },
        {
          "path": "HumanName.family",
          "definition": {
            "short": "Family name (often called 'Surname')",
            "formal": "The part of a name that links to the genealogy. In some cultures (e.g. Eritrea) the family name of a son is the first name of his father.",
            "comments": "For family name, hyphenated names such as \"Smith-Jones\" are a single name, but names with spaces such as \"Smith Jones\" are broken into multiple parts.",
            "min": 0,
            "max": "*",
            "type": [
              {
                "code": "string"
              }
            ],
            "isModifier": false,
            "mapping": [
              {
                "identity": "rim",
                "map": "./part[partType = FAM]"
              },
              {
                "identity": "v2",
                "map": "XPN.1"
              },
              {
                "identity": "servd",
                "map": "./FamilyName"
              }
            ]
          }
        },
        {
          "path": "HumanName.given",
          "definition": {
            "short": "Given names (not always 'first'). Includes middle names",
            "formal": "Given name.",
            "comments": "If only initials are recorded, they may be used in place of the full name.  Not called \"first name\" since given names do not always come first.",
            "min": 0,
            "max": "*",
            "type": [
              {
                "code": "string"
              }
            ],
            "isModifier": false,
            "mapping": [
              {
                "identity": "rim",
                "map": "./part[partType = GIV]"
              },
              {
                "identity": "v2",
                "map": "XPN.2 + XPN.3"
              },
              {
                "identity": "servd",
                "map": "./GivenNames"
              }
            ]
          }
        },
        {
          "path": "HumanName.prefix",
          "definition": {
            "short": "Parts that come before the name",
            "formal": "Part of the name that is acquired as a title due to academic, legal, employment or nobility status, etc. and that appears at the start of the name.",
            "min": 0,
            "max": "*",
            "type": [
              {
                "code": "string"
              }
            ],
            "isModifier": false,
            "mapping": [
              {
                "identity": "rim",
                "map": "./part[partType = PFX]"
              },
              {
                "identity": "v2",
                "map": "XPN.5"
              },
              {
                "identity": "servd",
                "map": "./TitleCode"
              }
            ]
          }
        },
        {
          "path": "HumanName.suffix",
          "definition": {
            "short": "Parts that come after the name",
            "formal": "Part of the name that is acquired as a title due to academic, legal, employment or nobility status, etc. and that appears at the end of the name.",
            "min": 0,
            "max": "*",
            "type": [
              {
                "code": "string"
              }
            ],
            "isModifier": false,
            "mapping": [
              {
                "identity": "rim",
                "map": "./part[partType = SFX]"
              },
              {
                "identity": "v2",
                "map": "XPN/4"
              }
            ]
          }
        },
        {
          "path": "HumanName.period",
          "definition": {
            "short": "Time period when name was/is in use",
            "formal": "Indicates the period of time when this name was valid for the named person.",
            "min": 0,
            "max": "1",
            "type": [
              {
                "code": "Period"
              }
            ],
            "isModifier": false,
            "mapping": [
              {
                "identity": "rim",
                "map": "./usablePeriod[type=\"IVL<TS>\"]"
              },
              {
                "identity": "v2",
                "map": "XPN.13 + XPN.14"
              },
              {
                "identity": "servd",
                "map": "./StartDate and ./EndDate"
              }
            ]
          }
        }
      ]
    }
  ]
}