{
  "resourceType": "Profile",
  "text": {
    "status": "generated",
    "div": "<div><div>Type definition for Narrative from <a href=\"http://hl7.org/fhir/datatypes.html#Narrative\">FHIR Specification</a></div></div>"
  },
  "name": "Basic Profile for Narrative",
  "publisher": "FHIR Specification",
  "description": "Basic Profile for Narrative for validation support",
  "status": "draft",
  "date": "2014-04-10",
  "mapping": [
    {
      "identity": "rim",
      "uri": "http://hl7.org/v3",
      "name": "RIM"
    }
  ],
  "structure": [
    {
      "type": "Narrative",
      "element": [
        {
          "path": "Narrative",
          "definition": {
            "short": "A human-readable formatted text, including images",
            "formal": "A human-readable formatted text, including images.",
            "min": 1,
            "max": "1",
            "type": [
              {
                "code": "Type"
              }
            ],
            "isModifier": false,
            "mapping": [
              {
                "identity": "rim",
                "map": "N/A"
              }
            ]
          }
        },
        {
          "path": "Narrative.extension",
          "definition": {
            "short": "Additional Content defined by implementations",
            "formal": "May be used to represent additional information that is not part of the basic definition of the resource. In order to make the use of extensions safe and manageable, there is a strict governance applied to the definition and use of extensions. Though any implementer is allowed to define an extension, there is a set of requirements that SHALL be met as part of the definition of the extension.",
            "comments": "there can be no stigma associated with the use of extensions by any application, project, or standard - regardless of the institution or jurisdiction that uses or defines the extensions.  The use of extensions is what allows the FHIR specification to retain a core simplicity for everyone.",
            "synonym": [
              "extensions",
              "user content"
            ],
            "min": 0,
            "max": "*",
            "type": [
              {
                "code": "Extension"
              }
            ],
            "isModifier": false
          }
        },
        {
          "path": "Narrative.modifierExtension",
          "definition": {
            "short": "Extensions that cannot be ignored",
            "formal": "May be used to represent additional information that is not part of the basic definition of the resource, and that modifies the understanding of the element that contains it. Usually modifier elements provide negation or qualification. In order to make the use of extensions safe and manageable, there is a strict governance applied to the definition and use of extensions. Though any implementer is allowed to define an extension, there is a set of requirements that SHALL be met as part of the definition of the extension. Applications processing a resource are required to check for modifier extensions.",
            "comments": "there can be no stigma associated with the use of extensions by any application, project, or standard - regardless of the institution or jurisdiction that uses or defines the extensions.  The use of extensions is what allows the FHIR specification to retain a core simplicity for everyone.",
            "synonym": [
              "extensions",
              "user content"
            ],
            "min": 0,
            "max": "*",
            "type": [
              {
                "code": "Extension"
              }
            ],
            "isModifier": false
          }
        },
        {
          "path": "Narrative.status",
          "definition": {
            "short": "generated | extensions | additional",
            "formal": "The status of the narrative - whether it's entirely generated (from just the defined data or the extensions too), or whether a human authored it and it may contain additional data.",
            "min": 1,
            "max": "1",
            "type": [
              {
                "code": "code"
              }
            ],
            "isModifier": false,
            "binding": {
              "name": "NarrativeStatus",
              "isExtensible": true,
              "description": "The status of a resource narrative",
              "referenceResource": {
                "reference": "http://hl7.org/fhir/vs/narrative-status"
              }
            },
            "mapping": [
              {
                "identity": "rim",
                "map": "N/A"
              }
            ]
          }
        },
        {
          "path": "Narrative.div",
          "definition": {
            "short": "Limited xhtml content",
            "formal": "The actual narrative content, a stripped down version of XHTML.",
            "comments": "The contents of the html element are an XHTML fragment containing only the basic html formatting elements described in chapters 7-11 and 15 of the HTML 4.0 standard, <a> elements (either name or href), images and internally contained stylesheets. The XHTML content may not contain a head, a body, external stylesheet references, scripts, forms, base/link/xlink, frames, iframes and objects.",
            "min": 1,
            "max": "1",
            "type": [
              {
                "code": "xhtml"
              }
            ],
            "constraint": [
              {
                "key": "3",
                "severity": "error",
                "human": "The narrative SHALL contain only the basic html formatting attributes described in chapters 7-11 (except section 4 of chapter 9) and 15 of the HTML 4.0 standard, <a> elements (either name or href), images and internally contained style attributes",
                "xpath": "not(descendant-or-self::*/@*[not(name(.)=('abbr', 'accesskey', 'align', 'alt', 'axis', 'bgcolor', 'border', 'cellhalign', 'cellpadding', 'cellspacing', 'cellvalign', 'char', 'charoff', 'charset', 'cite', 'class', 'colspan', 'compact', 'coords', 'dir', 'frame', 'headers', 'height', 'href', 'hreflang', 'hspace', 'id', 'lang', 'longdesc', 'name', 'nowrap', 'rel', 'rev', 'rowspan', 'rules', 'scope', 'shape', 'span', 'src', 'start', 'style', 'summary', 'tabindex', 'title', 'type', 'valign', 'value', 'vspace', 'width'))])"
              },
              {
                "key": "2",
                "severity": "error",
                "human": "The narrative SHALL have some non-whitespace content",
                "xpath": "descendant::text()[normalize-space(.)!=''] or descendant::html:img[@src]"
              },
              {
                "key": "1",
                "severity": "error",
                "human": "The narrative SHALL contain only the basic html formatting elements described in chapters 7-11 (except section 4 of chapter 9) and 15 of the HTML 4.0 standard, <a> elements (either name or href), images and internally contained style attributes",
                "xpath": "not(descendant-or-self::*[not(local-name(.)=('a', 'abbr', 'acronym', 'b', 'big', 'blockquote', 'br', 'caption', 'cite', 'code', 'colgroup', 'dd', 'dfn', 'div', 'dl', 'dt', 'em', 'h1', 'h2', 'h3', 'h4', 'h5', 'h6', 'hr', 'i', 'li', 'ol', 'p', 'pre', 'q', 'samp', 'small', 'span', 'strong', 'table', 'tbody', 'td', 'tfoot', 'th', 'thead', 'tr', 'tt', 'ul', 'var'))])"
              }
            ],
            "isModifier": false,
            "mapping": [
              {
                "identity": "rim",
                "map": "N/A"
              }
            ]
          }
        }
      ]
    }
  ]
}