{
  "resourceType": "Profile",
  "text": {
    "status": "generated",
    "div": "<div><div>Type definition for CodeableConcept from <a href=\"http://hl7.org/fhir/datatypes.html#CodeableConcept\">FHIR Specification</a></div></div>"
  },
  "name": "Basic Profile for CodeableConcept",
  "publisher": "FHIR Specification",
  "description": "Basic Profile for CodeableConcept for validation support",
  "status": "draft",
  "date": "2014-04-15",
  "mapping": [
    {
      "identity": "rim",
      "uri": "http://hl7.org/v3",
      "name": "RIM"
    },
    {
      "identity": "v2",
      "uri": "http://hl7.org/v2",
      "name": "HL7 v2"
    }
  ],
  "structure": [
    {
      "type": "CodeableConcept",
      "element": [
        {
          "path": "CodeableConcept",
          "definition": {
            "short": "Concept - reference to a terminology or just  text",
            "formal": "A concept that may be defined by a formal reference to a terminology or ontology or may be provided by text.",
            "comments": "Not all terminology uses fit this general pattern. In some cases, models should not use CodeableConcept and use Coding directly and provide their own structure for managing text, codings, translations and the relationship between elements and pre- and post-coordination.",
            "min": 1,
            "max": "1",
            "type": [
              {
                "code": "Type"
              }
            ],
            "constraint": [
              {
                "key": "2",
                "name": "Coding.primary rule",
                "severity": "error",
                "human": "Only one coding in a set can be chosen directly by the user",
                "xpath": "count(f:coding[f:primary/@value='true'])<1"
              }
            ],
            "isModifier": false,
            "mapping": [
              {
                "identity": "rim",
                "map": "CD"
              },
              {
                "identity": "v2",
                "map": "CE/CNE/CWE"
              }
            ]
          }
        },
        {
          "path": "CodeableConcept.extension",
          "definition": {
            "short": "Additional Content defined by implementations",
            "formal": "May be used to represent additional information that is not part of the basic definition of the resource. In order to make the use of extensions safe and manageable, there is a strict governance applied to the definition and use of extensions. Though any implementer is allowed to define an extension, there is a set of requirements that SHALL be met as part of the definition of the extension.",
            "comments": "there can be no stigma associated with the use of extensions by any application, project, or standard - regardless of the institution or jurisdiction that uses or defines the extensions.  The use of extensions is what allows the FHIR specification to retain a core simplicity for everyone.",
            "synonym": [
              "extensions",
              "user content"
            ],
            "min": 0,
            "max": "*",
            "type": [
              {
                "code": "Extension"
              }
            ],
            "isModifier": false
          }
        },
        {
          "path": "CodeableConcept.modifierExtension",
          "definition": {
            "short": "Extensions that cannot be ignored",
            "formal": "May be used to represent additional information that is not part of the basic definition of the resource, and that modifies the understanding of the element that contains it. Usually modifier elements provide negation or qualification. In order to make the use of extensions safe and manageable, there is a strict governance applied to the definition and use of extensions. Though any implementer is allowed to define an extension, there is a set of requirements that SHALL be met as part of the definition of the extension. Applications processing a resource are required to check for modifier extensions.",
            "comments": "there can be no stigma associated with the use of extensions by any application, project, or standard - regardless of the institution or jurisdiction that uses or defines the extensions.  The use of extensions is what allows the FHIR specification to retain a core simplicity for everyone.",
            "synonym": [
              "extensions",
              "user content"
            ],
            "min": 0,
            "max": "*",
            "type": [
              {
                "code": "Extension"
              }
            ],
            "isModifier": false
          }
        },
        {
          "path": "CodeableConcept.coding",
          "definition": {
            "short": "Code defined by a terminology system",
            "formal": "A reference to a code defined by a terminology system.",
            "comments": "Codes may be defined very casually in enumerations, or code lists, up to very formal definitions such as SNOMED CT - see the V3 Core Principles for more information.  Ordering of codings is undefined and SHALL not be used to infer meaning.",
            "min": 0,
            "max": "*",
            "type": [
              {
                "code": "Coding"
              }
            ],
            "isModifier": false,
            "mapping": [
              {
                "identity": "rim",
                "map": "union(., ./translation)"
              },
              {
                "identity": "v2",
                "map": "C*E.1-8, C*E.10-22"
              }
            ]
          }
        },
        {
          "path": "CodeableConcept.text",
          "definition": {
            "short": "Plain text representation of the concept",
            "formal": "A human language representation of the concept as seen/selected/uttered by the user who entered the data and/or which represents the intended meaning of the user.",
            "comments": "Very often the text is the same as a displayName of one of the codings.",
            "min": 0,
            "max": "1",
            "type": [
              {
                "code": "string"
              }
            ],
            "isModifier": false,
            "mapping": [
              {
                "identity": "rim",
                "map": "./originalText[mediaType/code=\"text/plain\"]/data"
              },
              {
                "identity": "v2",
                "map": "C*E.9. But note many systems use C*E.2 for this"
              }
            ]
          }
        }
      ]
    }
  ]
}