{
  "resourceType": "Profile",
  "text": {
    "status": "generated",
    "div": "<div><div>Type definition for Ratio from <a href=\"http://hl7.org/fhir/datatypes.html#Ratio\">FHIR Specification</a></div></div>"
  },
  "name": "Basic Profile for Ratio",
  "publisher": "FHIR Specification",
  "description": "Basic Profile for Ratio for validation support",
  "status": "draft",
  "date": "2014-04-11",
  "mapping": [
    {
      "identity": "rim",
      "uri": "http://hl7.org/v3",
      "name": "RIM"
    },
    {
      "identity": "v2",
      "uri": "http://hl7.org/v2",
      "name": "HL7 v2"
    }
  ],
  "structure": [
    {
      "type": "Ratio",
      "element": [
        {
          "path": "Ratio",
          "definition": {
            "short": "A ratio of two Quantity values - a numerator and a denominator",
            "formal": "A relationship of two Quantity values - expressed as a numerator and a denominator.",
            "min": 1,
            "max": "1",
            "type": [
              {
                "code": "Type"
              }
            ],
            "constraint": [
              {
                "key": "1",
                "name": "both numerator and denominator",
                "severity": "error",
                "human": "numerator and denominator SHALL both be present, or both be absent",
                "xpath": "count(f:numerator) = count(f:denominator)"
              }
            ],
            "isModifier": false,
            "mapping": [
              {
                "identity": "rim",
                "map": "RTO"
              },
              {
                "identity": "v2",
                "map": "N/A"
              }
            ]
          }
        },
        {
          "path": "Ratio.extension",
          "definition": {
            "short": "Additional Content defined by implementations",
            "formal": "May be used to represent additional information that is not part of the basic definition of the resource. In order to make the use of extensions safe and manageable, there is a strict governance applied to the definition and use of extensions. Though any implementer is allowed to define an extension, there is a set of requirements that SHALL be met as part of the definition of the extension.",
            "comments": "there can be no stigma associated with the use of extensions by any application, project, or standard - regardless of the institution or jurisdiction that uses or defines the extensions.  The use of extensions is what allows the FHIR specification to retain a core simplicity for everyone.",
            "synonym": [
              "extensions",
              "user content"
            ],
            "min": 0,
            "max": "*",
            "type": [
              {
                "code": "Extension"
              }
            ],
            "isModifier": false
          }
        },
        {
          "path": "Ratio.modifierExtension",
          "definition": {
            "short": "Extensions that cannot be ignored",
            "formal": "May be used to represent additional information that is not part of the basic definition of the resource, and that modifies the understanding of the element that contains it. Usually modifier elements provide negation or qualification. In order to make the use of extensions safe and manageable, there is a strict governance applied to the definition and use of extensions. Though any implementer is allowed to define an extension, there is a set of requirements that SHALL be met as part of the definition of the extension. Applications processing a resource are required to check for modifier extensions.",
            "comments": "there can be no stigma associated with the use of extensions by any application, project, or standard - regardless of the institution or jurisdiction that uses or defines the extensions.  The use of extensions is what allows the FHIR specification to retain a core simplicity for everyone.",
            "synonym": [
              "extensions",
              "user content"
            ],
            "min": 0,
            "max": "*",
            "type": [
              {
                "code": "Extension"
              }
            ],
            "isModifier": false
          }
        },
        {
          "path": "Ratio.numerator",
          "definition": {
            "short": "Numerator value",
            "formal": "The value of the numerator.",
            "min": 0,
            "max": "1",
            "type": [
              {
                "code": "Quantity"
              }
            ],
            "isModifier": false,
            "mapping": [
              {
                "identity": "rim",
                "map": ".numerator"
              }
            ]
          }
        },
        {
          "path": "Ratio.denominator",
          "definition": {
            "short": "Denominator value",
            "formal": "The value of the denominator.",
            "min": 0,
            "max": "1",
            "type": [
              {
                "code": "Quantity"
              }
            ],
            "isModifier": false,
            "mapping": [
              {
                "identity": "rim",
                "map": ".denominator"
              }
            ]
          }
        }
      ]
    }
  ]
}