<?xml version="1.0" encoding="UTF-8"?>

<ValueSet xmlns="http://hl7.org/fhir">
  <text>
    <status value="generated"/>
    <div xmlns="http://www.w3.org/1999/xhtml">
      <h2>DiagnosticReportStatus</h2>
      <p>The status of the diagnostic report as a whole</p>
      <p>This value set defines its own terms in the system http://hl7.org/fhir/diagnostic-report-status</p>
      <table>
        <tr>
          <td>
            <b>Code</b>
          </td>
          <td>
            <b>Display</b>
          </td>
          <td>
            <b>Definition</b>
          </td>
        </tr>
        <tr>
          <td>registered
            <a name="registered"> </a>
          </td>
          <td/>
          <td>The existence of the report is registered, but there is nothing yet available.</td>
        </tr>
        <tr>
          <td>partial
            <a name="partial"> </a>
          </td>
          <td/>
          <td>This is a partial (e.g. initial, interim or preliminary) report: data in the report may be incomplete or unverified.</td>
        </tr>
        <tr>
          <td>final
            <a name="final"> </a>
          </td>
          <td/>
          <td>The report is complete and verified by an authorized person.</td>
        </tr>
        <tr>
          <td>corrected
            <a name="corrected"> </a>
          </td>
          <td/>
          <td>The report has been modified subsequent to being Final, and is complete and verified by an authorized person.</td>
        </tr>
        <tr>
          <td>amended
            <a name="amended"> </a>
          </td>
          <td/>
          <td>The report has been modified subsequent to being Final, and is complete and verified by an authorized person, and data has been changed.</td>
        </tr>
        <tr>
          <td>appended
            <a name="appended"> </a>
          </td>
          <td/>
          <td>The report has been modified subsequent to being Final, and is complete and verified by an authorized person. New content has been added, but existing content hasn&#39;t changed.</td>
        </tr>
        <tr>
          <td>cancelled
            <a name="cancelled"> </a>
          </td>
          <td/>
          <td>The report is unavailable because the measurement was not started or not completed (also sometimes called &quot;aborted&quot;).</td>
        </tr>
        <tr>
          <td>entered in error
            <a name="enteredinerror"> </a>
          </td>
          <td/>
          <td>The report has been withdrawn following previous Final release.</td>
        </tr>
      </table>
    </div>
  </text>
  <identifier value="http://hl7.org/fhir/vs/diagnostic-report-status"/>
  <name value="DiagnosticReportStatus"/>
  <publisher value="HL7 (FHIR Project)"/>
  <telecom>
    <system value="url"/>
    <value value="http://hl7.org/fhir"/>
  </telecom>
  <telecom>
    <system value="email"/>
    <value value="fhir@lists.hl7.org"/>
  </telecom>
  <description value="The status of the diagnostic report as a whole"/>
  <status value="draft"/>
  <date value="2014-04-15T12:51:59.828-00:00"/>
  <define>
    <system value="http://hl7.org/fhir/diagnostic-report-status"/>
    <caseSensitive value="true"/>
    <concept>
      <code value="registered"/>
      <definition value="The existence of the report is registered, but there is nothing yet available."/>
    </concept>
    <concept>
      <code value="partial"/>
      <definition value="This is a partial (e.g. initial, interim or preliminary) report: data in the report may be incomplete or unverified."/>
    </concept>
    <concept>
      <code value="final"/>
      <definition value="The report is complete and verified by an authorized person."/>
    </concept>
    <concept>
      <code value="corrected"/>
      <definition value="The report has been modified subsequent to being Final, and is complete and verified by an authorized person."/>
    </concept>
    <concept>
      <code value="amended"/>
      <definition value="The report has been modified subsequent to being Final, and is complete and verified by an authorized person, and data has been changed."/>
    </concept>
    <concept>
      <code value="appended"/>
      <definition value="The report has been modified subsequent to being Final, and is complete and verified by an authorized person. New content has been added, but existing content hasn&#39;t changed."/>
    </concept>
    <concept>
      <code value="cancelled"/>
      <definition value="The report is unavailable because the measurement was not started or not completed (also sometimes called &quot;aborted&quot;)."/>
    </concept>
    <concept>
      <code value="entered in error"/>
      <definition value="The report has been withdrawn following previous Final release."/>
    </concept>
  </define>
</ValueSet>