<?xml version="1.0" encoding="UTF-8"?>

<ValueSet xmlns="http://hl7.org/fhir">
  <text>
    <status value="generated"/>
    <div xmlns="http://www.w3.org/1999/xhtml">
      This value set includes all the &quot;Clinical finding&quot; SNOMED CT codes (i.e. codes with an is-a relationship with 404684003: Clinical finding)
    
      <hr/>
      <h2>SNOMED CT Clinical Findings</h2>
      <p>This value set includes all the &quot;Clinical finding&quot; SNOMED CT codes (i.e. codes with an is-a relationship with 404684003: Clinical finding)</p>
      <p>This value set includes codes defined in other code systems, using the following rules:</p>
      <ul>
        <li>Include codes from http://snomed.info/sct where concept  is-a  404684003</li>
      </ul>
    </div>
  </text>
  <identifier value="http://hl7.org/fhir/vs/clinical-findings"/>
  <name value="SNOMED CT Clinical Findings"/>
  <publisher value="FHIR Project team"/>
  <telecom>
    <system value="url"/>
    <value value="http://hl7.org/fhir"/>
  </telecom>
  <description value="This value set includes all the &quot;Clinical finding&quot; SNOMED CT codes (i.e. codes with an is-a relationship with 404684003: Clinical finding)"/>
  <status value="draft"/>
  <compose>
    <include>
      <system value="http://snomed.info/sct"/>
      <filter>
        <property value="concept"/>
        <op value="is-a"/>
        <value value="404684003"/>
      </filter>
    </include>
  </compose>
</ValueSet>