<?xml version="1.0" encoding="UTF-8"?>

<ValueSet xmlns="http://hl7.org/fhir">
  <text>
    <status value="generated"/>
    <div xmlns="http://www.w3.org/1999/xhtml">
      
      <p>The value set to instantiate this attribute should be drawn from a terminologically robust code system that consists of or contains medicvation form concepts.</p>
      
      <p>Possible sources include:</p>
      
      <ul>
        
        <li>SNOMED CT - Children of SCTID: xxxxxxxx &quot;xxxxxxxxxxxxxx&quot;</li>
        
        <li>ISO 11239 - Medication form</li>
      
      </ul>
      
      <p>Snomed is being used here as the example terminology.</p>
    
    </div>
  </text>
  <identifier value="http://hl7.org/fhir/vs/medication-form-codes"/>
  <name value="SNOMED CT Form Codes"/>
  <publisher value="FHIR Project team"/>
  <telecom>
    <system value="url"/>
    <value value="http://hl7.org/fhir"/>
  </telecom>
  <description value="This value set includes all Form codes from SNOMED CT - provided as an exemplar"/>
  <status value="draft"/>
  <compose>
    <include>
      <system value="http://snomed.info/sct"/>
      <filter>
        <property value="concept"/>
        <op value="is-a"/>
        <value value="284009009"/>
      </filter>
    </include>
  </compose>
</ValueSet>