<?xml version="1.0" encoding="UTF-8"?>

<ValueSet xmlns="http://hl7.org/fhir">
  <text>
    <status value="generated"/>
    <div xmlns="http://www.w3.org/1999/xhtml">
      <h2>AnimalSpecies</h2>
      <p>This example value set defines a set of codes that can be used to indicate species of animal patients.</p>
      <p>This value set defines its own terms in the system http://hl7.org/fhir/animal-species</p>
      <table>
        <tr>
          <td>
            <b>Code</b>
          </td>
          <td>
            <b>Display</b>
          </td>
          <td>
            <b>Definition</b>
          </td>
        </tr>
        <tr>
          <td>canislf
            <a name="canislf"> </a>
          </td>
          <td>Dog</td>
          <td>Canis lupus familiaris</td>
        </tr>
        <tr>
          <td>ovisa
            <a name="ovisa"> </a>
          </td>
          <td>Sheep</td>
          <td>Ovis aries</td>
        </tr>
        <tr>
          <td>serinuscd
            <a name="serinuscd"> </a>
          </td>
          <td>Domestic Canary</td>
          <td>Serinus canaria domestica</td>
        </tr>
      </table>
    </div>
  </text>
  <identifier value="http://hl7.org/fhir/vs/animal-species"/>
  <name value="AnimalSpecies"/>
  <publisher value="FHIR Project team"/>
  <telecom>
    <system value="url"/>
    <value value="http://hl7.org/fhir"/>
  </telecom>
  <description value="This example value set defines a set of codes that can be used to indicate species of animal patients."/>
  <status value="draft"/>
  <define>
    <system value="http://hl7.org/fhir/animal-species"/>
    <concept>
      <code value="canislf"/>
      <display value="Dog"/>
      <definition value="Canis lupus familiaris"/>
    </concept>
    <concept>
      <code value="ovisa"/>
      <display value="Sheep"/>
      <definition value="Ovis aries"/>
    </concept>
    <concept>
      <code value="serinuscd"/>
      <display value="Domestic Canary"/>
      <definition value="Serinus canaria domestica"/>
    </concept>
  </define>
</ValueSet>