<?xml version="1.0" encoding="UTF-8"?>

<ValueSet xmlns="http://hl7.org/fhir">
  <text>
    <status value="generated"/>
    <div xmlns="http://www.w3.org/1999/xhtml">
      <h2>IssueSeverity</h2>
      <p>How the issue affects the success of the action</p>
      <p>This value set defines its own terms in the system http://hl7.org/fhir/issue-severity</p>
      <table>
        <tr>
          <td>
            <b>Code</b>
          </td>
          <td>
            <b>Display</b>
          </td>
          <td>
            <b>Definition</b>
          </td>
        </tr>
        <tr>
          <td>fatal
            <a name="fatal"> </a>
          </td>
          <td/>
          <td>The issue caused the action to fail, and no further checking could be performed.</td>
        </tr>
        <tr>
          <td>error
            <a name="error"> </a>
          </td>
          <td/>
          <td>The issue is sufficiently important to cause the action to fail.</td>
        </tr>
        <tr>
          <td>warning
            <a name="warning"> </a>
          </td>
          <td/>
          <td>The issue is not important enough to cause the action to fail, but may cause it to be performed suboptimally or in a way that is not as desired.</td>
        </tr>
        <tr>
          <td>information
            <a name="information"> </a>
          </td>
          <td/>
          <td>The issue has no relation to the degree of success of the action.</td>
        </tr>
      </table>
    </div>
  </text>
  <identifier value="http://hl7.org/fhir/vs/issue-severity"/>
  <name value="IssueSeverity"/>
  <publisher value="HL7 (FHIR Project)"/>
  <telecom>
    <system value="url"/>
    <value value="http://hl7.org/fhir"/>
  </telecom>
  <telecom>
    <system value="email"/>
    <value value="fhir@lists.hl7.org"/>
  </telecom>
  <description value="How the issue affects the success of the action"/>
  <status value="draft"/>
  <date value="2014-04-15T06:55:42.497-00:00"/>
  <define>
    <system value="http://hl7.org/fhir/issue-severity"/>
    <caseSensitive value="true"/>
    <concept>
      <code value="fatal"/>
      <definition value="The issue caused the action to fail, and no further checking could be performed."/>
    </concept>
    <concept>
      <code value="error"/>
      <definition value="The issue is sufficiently important to cause the action to fail."/>
    </concept>
    <concept>
      <code value="warning"/>
      <definition value="The issue is not important enough to cause the action to fail, but may cause it to be performed suboptimally or in a way that is not as desired."/>
    </concept>
    <concept>
      <code value="information"/>
      <definition value="The issue has no relation to the degree of success of the action."/>
    </concept>
  </define>
</ValueSet>