<?xml version="1.0" encoding="UTF-8"?>

<ValueSet xmlns="http://hl7.org/fhir">
  <text>
    <status value="generated"/>
    <div xmlns="http://www.w3.org/1999/xhtml">
      <h2>NamespaceIdentifierType</h2>
      <p>Identifies the style of unique identifier used to identify a namepace</p>
      <p>This value set defines its own terms in the system http://hl7.org/fhir/namespace-identifier-type</p>
      <table>
        <tr>
          <td>
            <b>Code</b>
          </td>
          <td>
            <b>Display</b>
          </td>
          <td>
            <b>Definition</b>
          </td>
        </tr>
        <tr>
          <td>oid
            <a name="oid"> </a>
          </td>
          <td/>
          <td>An ISO object identifier.  E.g. 1.2.3.4.5.</td>
        </tr>
        <tr>
          <td>uuid
            <a name="uuid"> </a>
          </td>
          <td/>
          <td>A universally unique identifier of the form a5afddf4-e880-459b-876e-e4591b0acc11.</td>
        </tr>
        <tr>
          <td>uri
            <a name="uri"> </a>
          </td>
          <td/>
          <td>A uniform resource identifier (ideally a URL - uniform resource locator).  E.g. http://unitsofmeasure.org.</td>
        </tr>
        <tr>
          <td>ruid
            <a name="ruid"> </a>
          </td>
          <td/>
          <td>HL7-assigned reserved string.  E.g. LN for LOINC.</td>
        </tr>
      </table>
    </div>
  </text>
  <identifier value="http://hl7.org/fhir/vs/namespace-identifier-type"/>
  <name value="NamespaceIdentifierType"/>
  <publisher value="HL7 (FHIR Project)"/>
  <telecom>
    <system value="url"/>
    <value value="http://hl7.org/fhir"/>
  </telecom>
  <telecom>
    <system value="email"/>
    <value value="fhir@lists.hl7.org"/>
  </telecom>
  <description value="Identifies the style of unique identifier used to identify a namepace"/>
  <status value="draft"/>
  <date value="2014-04-15T18:10:18.036-00:00"/>
  <define>
    <system value="http://hl7.org/fhir/namespace-identifier-type"/>
    <caseSensitive value="true"/>
    <concept>
      <code value="oid"/>
      <definition value="An ISO object identifier.  E.g. 1.2.3.4.5."/>
    </concept>
    <concept>
      <code value="uuid"/>
      <definition value="A universally unique identifier of the form a5afddf4-e880-459b-876e-e4591b0acc11."/>
    </concept>
    <concept>
      <code value="uri"/>
      <definition value="A uniform resource identifier (ideally a URL - uniform resource locator).  E.g. http://unitsofmeasure.org."/>
    </concept>
    <concept>
      <code value="ruid"/>
      <definition value="HL7-assigned reserved string.  E.g. LN for LOINC."/>
    </concept>
  </define>
</ValueSet>