<?xml version="1.0" encoding="UTF-8"?>

<ValueSet xmlns="http://hl7.org/fhir">
  <text>
    <status value="generated"/>
    <div xmlns="http://www.w3.org/1999/xhtml">
      <h2>Immunization Reasons for Not Immunizing Codes</h2>
      <p>The value set to instantiate this attribute should be drawn from a terminologically robust code system that consists of or          contains concepts to support the medication process, in particular the process and reasons for dispensing. This value set is provided as a suggestive example</p>
      <p>This value set includes codes defined in other code systems, using the following rules:</p>
      <ul>
        <li>Include these codes as defined in 
          <a href="http://hl7.org/fhir/v3/ActReason">http://hl7.org/fhir/v3/ActReason</a>
          <table>
            <tr>
              <td>
                <b>Code</b>
              </td>
              <td>
                <b>Display</b>
              </td>
              <td>
                <b>Definition</b>
              </td>
            </tr>
            <tr>
              <td>IMMUNE</td>
              <td>immunity</td>
              <td>Definition:Testing has shown that the patient already has immunity to the agent targeted by the immunization.</td>
            </tr>
            <tr>
              <td>MEDPREC</td>
              <td>medical precaution</td>
              <td>Definition:The patient currently has a medical condition for which the vaccine is contraindicated or for which precaution is warranted.</td>
            </tr>
            <tr>
              <td>OSTOCK</td>
              <td>product out of stock</td>
              <td>Definition:There was no supply of the product on hand to perform the service.</td>
            </tr>
            <tr>
              <td>PATOBJ</td>
              <td>patient objection</td>
              <td>Definition:The patient or their guardian objects to receiving the vaccine.</td>
            </tr>
          </table>
        </li>
        <li>Include codes from http://snomed.info/sct where concept  is-a  310376006</li>
      </ul>
    </div>
  </text>
  <identifier value="http://hl7.org/fhir/vs/no-immunization-reason"/>
  <name value="Immunization Reasons for Not Immunizing Codes"/>
  <publisher value="FHIR Project team"/>
  <telecom>
    <system value="url"/>
    <value value="http://hl7.org/fhir"/>
  </telecom>
  <description value="The value set to instantiate this attribute should be drawn from a terminologically robust code system that consists of or          contains concepts to support the medication process, in particular the process and reasons for dispensing. This value set is provided as a suggestive example"/>
  <status value="draft"/>
  <compose>
    <include>
      <system value="http://hl7.org/fhir/v3/ActReason"/>
      <code value="IMMUNE"/>
      <code value="MEDPREC"/>
      <code value="OSTOCK"/>
      <code value="PATOBJ"/>
    </include>
    <include>
      <system value="http://snomed.info/sct"/>
      <filter>
        <property value="concept"/>
        <op value="is-a"/>
        <value value="310376006"/>
      </filter>
    </include>
  </compose>
</ValueSet>