<?xml version="1.0" encoding="UTF-8"?><feed xmlns="http://www.w3.org/2005/Atom">
  <title>XDS Submission - prepared by Health Intersections Test Script</title>
  <id>urn:uuid:02f06039-da24-4585-953b-0e9da4e79f41</id>
  <updated>2013-07-01T13:11:33Z</updated>
  <author>
    <name>XDS --&gt; FHIR Reference Bridge</name>
    <uri>http://www.healthintersections.com.au/xds2fhir.js</uri>
  </author>
  <entry>
    <title>Document Reference (XDS Entry)</title>
    <id>cid:f6791f11-ef7c-4877-a92b-adf7df4948a6@healthintersections.com.au</id>
    <link href="cid:f6791f11-ef7c-4877-a92b-adf7df4948a6@healthintersections.com.au" rel="self"/>
    <updated>2013-07-01T13:11:33Z</updated>
    <content type="text/xml">
      <DocumentReference xmlns="http://hl7.org/fhir">
        <extension url="http://hl7.org/fhir/Profile/xds-profile#practiceSettingCode">
          <valueCodeableConcept>
            <coding>
              <system value="http://ihe.net/connectathon/practiceSettingCodes"/>
              <code value="General Medicine"/>
              <display value="General Medicine"/>
            </coding>
          </valueCodeableConcept>
        </extension>
        <text>
          <status value="generated"/>
          <div xmlns="http://www.w3.org/1999/xhtml">
            <a href="http://localhost:9556/svc/fhir/Binary/@1e404af3-077f-4bee-b7a6-a9be97e1ce32">Document: urn:oid:129.6.58.92.88336</a>undefined, created 24/12/2005</div>
        </text>
        <masterIdentifier>
          <system value="urn:ietf:rfc:3986"/>
          <value value="urn:oid:129.6.58.92.88336"/>
        </masterIdentifier>
        <subject>
          <reference value="http://localhost/patient/search?identifier=http://acme.org/xds/patients!89765a87b"/>
        </subject>
        <type>
          <coding>
            <system value="http://ihe.net/connectathon/classCodes"/>
            <code value="History and Physical"/>
            <display value="History and Physical"/>
          </coding>
        </type>
        <author>
          <reference value="cid:af500afb-d680-4fa0-bcf2-ba1f5c5b096d@healthintersections.com.au"/>
        </author>
        <author>
          <reference value="cid:51b578b4-3ccb-4e67-b0dc-ef519d82ef2d@healthintersections.com.au"/>
        </author>
        <created value="2005-12-24"/>
        <indexed value="2013-07-01T23:11:33+10:00"/>
        <status value="current"/>
        <description value="Physical"/>
        <primaryLanguage value="en-us"/>
        <mimeType value="text/plain"/>
        <format value="urn:oid:1.3.6.1.4.1.19376.1.5.3.1.1.16.1.4"/>
        <location value="http://localhost:9556/svc/fhir/Binary/@1e404af3-077f-4bee-b7a6-a9be97e1ce32"/>
        <context>
          <period>
            <start value="2004-12-23T08:00:00"/>
            <end value="2004-12-23T08:01:00"/>
          </period>
        </context>
      </DocumentReference>
    </content>
  </entry>
  <entry>
    <title>patient record</title>
    <id>http://localhost/patient/search?identifier=http://acme.org/xds/patients!89765a87b</id>
    <link href="http://localhost/patient/search?identifier=http://acme.org/xds/patients!89765a87b" rel="self"/>
    <updated>2013-07-01T13:11:33Z</updated>
    <content type="text/xml">
      <Patient xmlns="http://hl7.org/fhir">
        <text>
          <status value="generated"/>
          <div xmlns="http://www.w3.org/1999/xhtml">Person DOE, John, M, dob: 27/05/1956</div>
        </text>
        <identifier>
          <system value="usual"/>
          <value value="MRN"/>
        </identifier>
        <name>
            <use value="usual"/>
            <text value="DOE, John"/>
            <family value="Doe"/>
            <given value="John"/>
          </name>
        <birthDate value="1956-05-27"/>

      </Patient>
    </content>
    <summary type="xhtml">
      <div xmlns="http://www.w3.org/1999/xhtml">Person DOE, John, M, dob: 27/05/1956</div>
    </summary>
  </entry>
  <entry>
    <title>Author</title>
    <id>cid:af500afb-d680-4fa0-bcf2-ba1f5c5b096d@healthintersections.com.au</id>
    <link href="cid:af500afb-d680-4fa0-bcf2-ba1f5c5b096d@healthintersections.com.au" rel="self"/>
    <updated>2013-07-01T13:11:33Z</updated>
    <content type="text/xml">
      <Practitioner xmlns="http://hl7.org/fhir">
        <extension url="http://hl7.org/fhir/Profile/xds-profile#author-institution-repeats">
          <valueResource>
            <display value="Parma Community"/>
          </valueResource>
        </extension>
        <text>
          <status value="generated"/>
          <div xmlns="http://www.w3.org/1999/xhtml">Author Person @ Cleveland Clinic</div>
        </text>
        <identifier>
          <system value="usual"/>
        </identifier>
          <name>
            <use value="usual"/>
            <family value="Smitty"/>
            <given value="Gerald"/>
          </name>
        
        <organization>
          <display value="Cleveland Clinic"/>
        </organization>
        <role>
          <coding>
            <code value="Attending"/>
          </coding>
        </role>
        <specialty>
          <coding>
            <code value="Orthopedic"/>
          </coding>
        </specialty>
      </Practitioner>
    </content>
    <summary type="xhtml">
      <div xmlns="http://www.w3.org/1999/xhtml">Author Person @ Cleveland Clinic</div>
    </summary>
  </entry>
  <entry>
    <title>Author</title>
    <id>cid:51b578b4-3ccb-4e67-b0dc-ef519d82ef2d@healthintersections.com.au</id>
    <link href="cid:51b578b4-3ccb-4e67-b0dc-ef519d82ef2d@healthintersections.com.au" rel="self"/>
    <updated>2013-07-01T13:11:33Z</updated>
    <content type="text/xml">
      <Practitioner xmlns="http://hl7.org/fhir">
        <extension url="http://hl7.org/fhir/Profile/xds-profile#author-institution-repeats">
          <valueResource>
            <display value="Berea Community"/>
          </valueResource>
        </extension>
        <text>
          <status value="generated"/>
          <div xmlns="http://www.w3.org/1999/xhtml">Author Person @ Cleveland Clinic</div>
        </text>
        <identifier>
          <system value="usual"/>
        </identifier>
          <name>
            <use value="usual"/>
            <family value="Dopplemeyer"/>
            <given value="Sherry"/>
          </name>
        
        <organization>
          <display value="Cleveland Clinic"/>
        </organization>
        <role>
          <coding>
            <code value="Primary Surgon"/>
          </coding>
        </role>
        <specialty>
          <coding>
            <code value="Orthopedic"/>
          </coding>
        </specialty>
      </Practitioner>
    </content>
    <summary type="xhtml">
      <div xmlns="http://www.w3.org/1999/xhtml">Author Person @ Cleveland Clinic</div>
    </summary>
  </entry>
  <entry>
    <title>binary document</title>
    <id>urn:uuid:1e404af3-077f-4bee-b7a6-a9be97e1ce32</id>
    <link href="urn:uuid:1e404af3-077f-4bee-b7a6-a9be97e1ce32" rel="self"/>
    <updated>2013-07-01T13:11:33Z</updated>
    <content type="text/xml">
      <Binary xmlns="http://hl7.org/fhir" contentType="text/plain">YXNkYXNkYXNkYXNkYXNk</Binary>
    </content>
  </entry>
</feed>