<?xml version="1.0" encoding="UTF-8"?>

<ValueSet xmlns="http://hl7.org/fhir">
  <text>
    <status value="generated"/>
    <div xmlns="http://www.w3.org/1999/xhtml">
    
    
      <hr/>
      <h2>Security Event Source Type</h2>
      <p>The type of process where the security event originated from</p>
      <p>This value set defines its own terms in the system http://hl7.org/fhir/security-source-type</p>
      <table>
        <tr>
          <td>
            <b>Code</b>
          </td>
          <td>
            <b>Display</b>
          </td>
          <td>
            <b>Definition</b>
          </td>
        </tr>
        <tr>
          <td>1
            <a name="1"> </a>
          </td>
          <td>User Device</td>
          <td>End-user display device, diagnostic device</td>
        </tr>
        <tr>
          <td>2
            <a name="2"> </a>
          </td>
          <td>Data Interface</td>
          <td>Data acquisition device or instrument</td>
        </tr>
        <tr>
          <td>3
            <a name="3"> </a>
          </td>
          <td>Web Server</td>
          <td>Web Server process or thread</td>
        </tr>
        <tr>
          <td>4
            <a name="4"> </a>
          </td>
          <td>Application Server</td>
          <td>Application Server process or thread</td>
        </tr>
        <tr>
          <td>5
            <a name="5"> </a>
          </td>
          <td>Database Server</td>
          <td>Database Server process or thread</td>
        </tr>
        <tr>
          <td>6
            <a name="6"> </a>
          </td>
          <td>Security Server</td>
          <td>Security server, e.g., a domain controller</td>
        </tr>
        <tr>
          <td>7
            <a name="7"> </a>
          </td>
          <td>Network Device</td>
          <td>ISO level 1-3 network component</td>
        </tr>
        <tr>
          <td>8
            <a name="8"> </a>
          </td>
          <td>Network Router</td>
          <td>ISO level 4-6 operating software</td>
        </tr>
        <tr>
          <td>9
            <a name="9"> </a>
          </td>
          <td>Other</td>
          <td>other kind of device (defined by DICOM, but some other code/system can be used)</td>
        </tr>
      </table>
    </div>
  </text>
  <identifier value="http://hl7.org/fhir/vs/security-source-type"/>
  <version value="20100826"/>
  <name value="Security Event Source Type"/>
  <publisher value="NEMA/DICOM"/>
  <description value="The type of process where the security event originated from"/>
  <status value="active"/>
  <date value="2010-08-26"/>
  <define>
    <system value="http://hl7.org/fhir/security-source-type"/>
    <caseSensitive value="true"/>
    <concept>
      <code value="1"/>
      <display value="User Device"/>
      <definition value="End-user display device, diagnostic device"/>
    </concept>
    <concept>
      <code value="2"/>
      <display value="Data Interface"/>
      <definition value="Data acquisition device or instrument"/>
    </concept>
    <concept>
      <code value="3"/>
      <display value="Web Server"/>
      <definition value="Web Server process or thread"/>
    </concept>
    <concept>
      <code value="4"/>
      <display value="Application Server"/>
      <definition value="Application Server process or thread"/>
    </concept>
    <concept>
      <code value="5"/>
      <display value="Database Server"/>
      <definition value="Database Server process or thread"/>
    </concept>
    <concept>
      <code value="6"/>
      <display value="Security Server"/>
      <definition value="Security server, e.g., a domain controller"/>
    </concept>
    <concept>
      <code value="7"/>
      <display value="Network Device"/>
      <definition value="ISO level 1-3 network component"/>
    </concept>
    <concept>
      <code value="8"/>
      <display value="Network Router"/>
      <definition value="ISO level 4-6 operating software"/>
    </concept>
    <concept>
      <code value="9"/>
      <display value="Other"/>
      <definition value="other kind of device (defined by DICOM, but some other code/system can be used)"/>
    </concept>
  </define>
</ValueSet>