<?xml version="1.0" encoding="UTF-8"?>

<ValueSet xmlns="http://hl7.org/fhir">
  <text>
    <status value="generated"/>
    <div xmlns="http://www.w3.org/1999/xhtml">
      <h2>XDS Connect-a-thon practiceSettingCodes</h2>
      <p>Example Connectathon Codes from http://ihexds.nist.gov:12080/xdsref/codes/codes.xml</p>
      <p>This value set defines its own terms in the system urn:uuid:cccf5598-8b07-4b77-a05e-ae952c785ead</p>
      <table>
        <tr>
          <td>
            <b>Code</b>
          </td>
          <td>
            <b>Display</b>
          </td>
          <td>
            <b>Definition</b>
          </td>
        </tr>
        <tr>
          <td>Anesthesia
            <a name="Anesthesia"> </a>
          </td>
          <td>Anesthesia</td>
          <td/>
        </tr>
        <tr>
          <td>Cardiology
            <a name="Cardiology"> </a>
          </td>
          <td>Cardiology</td>
          <td/>
        </tr>
        <tr>
          <td>Case Manager
            <a name="CaseManager"> </a>
          </td>
          <td>Case Manager</td>
          <td/>
        </tr>
        <tr>
          <td>Chaplain
            <a name="Chaplain"> </a>
          </td>
          <td>Chaplain</td>
          <td/>
        </tr>
        <tr>
          <td>Chemotherapy
            <a name="Chemotherapy"> </a>
          </td>
          <td>Chemotherapy</td>
          <td/>
        </tr>
        <tr>
          <td>Chiropractic
            <a name="Chiropractic"> </a>
          </td>
          <td>Chiropractic</td>
          <td/>
        </tr>
        <tr>
          <td>Critical Care
            <a name="CriticalCare"> </a>
          </td>
          <td>Critical Care</td>
          <td/>
        </tr>
        <tr>
          <td>Dentistry
            <a name="Dentistry"> </a>
          </td>
          <td>Dentistry</td>
          <td/>
        </tr>
        <tr>
          <td>Diabetology
            <a name="Diabetology"> </a>
          </td>
          <td>Diabetology</td>
          <td/>
        </tr>
        <tr>
          <td>Dialysis
            <a name="Dialysis"> </a>
          </td>
          <td>Dialysis</td>
          <td/>
        </tr>
        <tr>
          <td>Emergency
            <a name="Emergency"> </a>
          </td>
          <td>Emergency</td>
          <td/>
        </tr>
        <tr>
          <td>Endocrinology
            <a name="Endocrinology"> </a>
          </td>
          <td>Endocrinology</td>
          <td/>
        </tr>
        <tr>
          <td>Gastroenterology
            <a name="Gastroenterology"> </a>
          </td>
          <td>Gastroenterology</td>
          <td/>
        </tr>
        <tr>
          <td>General Medicine
            <a name="GeneralMedicine"> </a>
          </td>
          <td>General Medicine</td>
          <td/>
        </tr>
        <tr>
          <td>General Surgery
            <a name="GeneralSurgery"> </a>
          </td>
          <td>General Surgery</td>
          <td/>
        </tr>
        <tr>
          <td>Gynecology
            <a name="Gynecology"> </a>
          </td>
          <td>Gynecology</td>
          <td/>
        </tr>
        <tr>
          <td>Labor and Delivery
            <a name="LaborandDelivery"> </a>
          </td>
          <td>Labor and Delivery</td>
          <td/>
        </tr>
        <tr>
          <td>Laboratory
            <a name="Laboratory"> </a>
          </td>
          <td>Laboratory</td>
          <td/>
        </tr>
        <tr>
          <td>Multidisciplinary
            <a name="Multidisciplinary"> </a>
          </td>
          <td>Multidisciplinary</td>
          <td/>
        </tr>
        <tr>
          <td>Neonatal Intensive Care
            <a name="NeonatalIntensiveCare"> </a>
          </td>
          <td>Neonatal Intensive Care</td>
          <td/>
        </tr>
        <tr>
          <td>Neurosurgery
            <a name="Neurosurgery"> </a>
          </td>
          <td>Neurosurgery</td>
          <td/>
        </tr>
        <tr>
          <td>Nursery
            <a name="Nursery"> </a>
          </td>
          <td>Nursery</td>
          <td/>
        </tr>
        <tr>
          <td>Nursing
            <a name="Nursing"> </a>
          </td>
          <td>Nursing</td>
          <td/>
        </tr>
        <tr>
          <td>Obstetrics
            <a name="Obstetrics"> </a>
          </td>
          <td>Obstetrics</td>
          <td/>
        </tr>
        <tr>
          <td>Occupational Therapy
            <a name="OccupationalTherapy"> </a>
          </td>
          <td>Occupational Therapy</td>
          <td/>
        </tr>
        <tr>
          <td>Ophthalmology
            <a name="Ophthalmology"> </a>
          </td>
          <td>Ophthalmology</td>
          <td/>
        </tr>
        <tr>
          <td>Optometry
            <a name="Optometry"> </a>
          </td>
          <td>Optometry</td>
          <td/>
        </tr>
        <tr>
          <td>Orthopedics
            <a name="Orthopedics"> </a>
          </td>
          <td>Orthopedics</td>
          <td/>
        </tr>
        <tr>
          <td>Otorhinolaryngology
            <a name="Otorhinolaryngology"> </a>
          </td>
          <td>Otorhinolaryngology</td>
          <td/>
        </tr>
        <tr>
          <td>Pathology
            <a name="Pathology"> </a>
          </td>
          <td>Pathology</td>
          <td/>
        </tr>
        <tr>
          <td>Perioperative
            <a name="Perioperative"> </a>
          </td>
          <td>Perioperative</td>
          <td/>
        </tr>
        <tr>
          <td>Pharmacacy
            <a name="Pharmacacy"> </a>
          </td>
          <td>Pharmacacy</td>
          <td/>
        </tr>
        <tr>
          <td>Physical Medicine
            <a name="PhysicalMedicine"> </a>
          </td>
          <td>Physical Medicine</td>
          <td/>
        </tr>
        <tr>
          <td>Plastic Surgery
            <a name="PlasticSurgery"> </a>
          </td>
          <td>Plastic Surgery</td>
          <td/>
        </tr>
        <tr>
          <td>Podiatry
            <a name="Podiatry"> </a>
          </td>
          <td>Podiatry</td>
          <td/>
        </tr>
        <tr>
          <td>Psychiatry
            <a name="Psychiatry"> </a>
          </td>
          <td>Psychiatry</td>
          <td/>
        </tr>
        <tr>
          <td>Pulmonary
            <a name="Pulmonary"> </a>
          </td>
          <td>Pulmonary</td>
          <td/>
        </tr>
        <tr>
          <td>Radiology
            <a name="Radiology"> </a>
          </td>
          <td>Radiology</td>
          <td/>
        </tr>
        <tr>
          <td>Social Services
            <a name="SocialServices"> </a>
          </td>
          <td>Social Services</td>
          <td/>
        </tr>
        <tr>
          <td>Speech Therapy
            <a name="SpeechTherapy"> </a>
          </td>
          <td>Speech Therapy</td>
          <td/>
        </tr>
        <tr>
          <td>Thyroidology
            <a name="Thyroidology"> </a>
          </td>
          <td>Thyroidology</td>
          <td/>
        </tr>
        <tr>
          <td>Tumor Board
            <a name="TumorBoard"> </a>
          </td>
          <td>Tumor Board</td>
          <td/>
        </tr>
        <tr>
          <td>Urology
            <a name="Urology"> </a>
          </td>
          <td>Urology</td>
          <td/>
        </tr>
        <tr>
          <td>Home
            <a name="Home"> </a>
          </td>
          <td>Home</td>
          <td/>
        </tr>
        <tr>
          <td>Veterinary Medicine
            <a name="VeterinaryMedicine"> </a>
          </td>
          <td>Veterinary Medicine</td>
          <td/>
        </tr>
      </table>
      <p>In addition, this value set includes codes defined in other code systems, using the following rules:</p>
      <ul>
        <li>Include these codes as defined in http://snomed.info/sct
          <table>
            <tr>
              <td>
                <b>Code</b>
              </td>
              <td>
                <b>Display</b>
              </td>
              <td>
                <b>Definition</b>
              </td>
            </tr>
            <tr>
              <td>394802001</td>
              <td>General Medicine</td>
              <td/>
            </tr>
            <tr>
              <td>408478003</td>
              <td>Critical Care Medicine</td>
              <td/>
            </tr>
            <tr>
              <td>410001006</td>
              <td>Military Medicine</td>
              <td/>
            </tr>
          </table>
        </li>
      </ul>
    </div>
  </text>
  <identifier value="http://hl7.org/fhir/vs/xds-practice-codes"/>
  <name value="XDS Connect-a-thon practiceSettingCodes"/>
  <publisher value="IHE"/>
  <telecom>
    <system value="url"/>
    <value value="http://ihe.net"/>
  </telecom>
  <description value="Example Connectathon Codes from http://ihexds.nist.gov:12080/xdsref/codes/codes.xml"/>
  <status value="draft"/>
  <define>
    <system value="urn:uuid:cccf5598-8b07-4b77-a05e-ae952c785ead"/>
    <concept>
      <code value="Anesthesia"/>
      <display value="Anesthesia"/>
    </concept>
    <concept>
      <code value="Cardiology"/>
      <display value="Cardiology"/>
    </concept>
    <concept>
      <code value="Case Manager"/>
      <display value="Case Manager"/>
    </concept>
    <concept>
      <code value="Chaplain"/>
      <display value="Chaplain"/>
    </concept>
    <concept>
      <code value="Chemotherapy"/>
      <display value="Chemotherapy"/>
    </concept>
    <concept>
      <code value="Chiropractic"/>
      <display value="Chiropractic"/>
    </concept>
    <concept>
      <code value="Critical Care"/>
      <display value="Critical Care"/>
    </concept>
    <concept>
      <code value="Dentistry"/>
      <display value="Dentistry"/>
    </concept>
    <concept>
      <code value="Diabetology"/>
      <display value="Diabetology"/>
    </concept>
    <concept>
      <code value="Dialysis"/>
      <display value="Dialysis"/>
    </concept>
    <concept>
      <code value="Emergency"/>
      <display value="Emergency"/>
    </concept>
    <concept>
      <code value="Endocrinology"/>
      <display value="Endocrinology"/>
    </concept>
    <concept>
      <code value="Gastroenterology"/>
      <display value="Gastroenterology"/>
    </concept>
    <concept>
      <code value="General Medicine"/>
      <display value="General Medicine"/>
    </concept>
    <concept>
      <code value="General Surgery"/>
      <display value="General Surgery"/>
    </concept>
    <concept>
      <code value="Gynecology"/>
      <display value="Gynecology"/>
    </concept>
    <concept>
      <code value="Labor and Delivery"/>
      <display value="Labor and Delivery"/>
    </concept>
    <concept>
      <code value="Laboratory"/>
      <display value="Laboratory"/>
    </concept>
    <concept>
      <code value="Multidisciplinary"/>
      <display value="Multidisciplinary"/>
    </concept>
    <concept>
      <code value="Neonatal Intensive Care"/>
      <display value="Neonatal Intensive Care"/>
    </concept>
    <concept>
      <code value="Neurosurgery"/>
      <display value="Neurosurgery"/>
    </concept>
    <concept>
      <code value="Nursery"/>
      <display value="Nursery"/>
    </concept>
    <concept>
      <code value="Nursing"/>
      <display value="Nursing"/>
    </concept>
    <concept>
      <code value="Obstetrics"/>
      <display value="Obstetrics"/>
    </concept>
    <concept>
      <code value="Occupational Therapy"/>
      <display value="Occupational Therapy"/>
    </concept>
    <concept>
      <code value="Ophthalmology"/>
      <display value="Ophthalmology"/>
    </concept>
    <concept>
      <code value="Optometry"/>
      <display value="Optometry"/>
    </concept>
    <concept>
      <code value="Orthopedics"/>
      <display value="Orthopedics"/>
    </concept>
    <concept>
      <code value="Otorhinolaryngology"/>
      <display value="Otorhinolaryngology"/>
    </concept>
    <concept>
      <code value="Pathology"/>
      <display value="Pathology"/>
    </concept>
    <concept>
      <code value="Perioperative"/>
      <display value="Perioperative"/>
    </concept>
    <concept>
      <code value="Pharmacacy"/>
      <display value="Pharmacacy"/>
    </concept>
    <concept>
      <code value="Physical Medicine"/>
      <display value="Physical Medicine"/>
    </concept>
    <concept>
      <code value="Plastic Surgery"/>
      <display value="Plastic Surgery"/>
    </concept>
    <concept>
      <code value="Podiatry"/>
      <display value="Podiatry"/>
    </concept>
    <concept>
      <code value="Psychiatry"/>
      <display value="Psychiatry"/>
    </concept>
    <concept>
      <code value="Pulmonary"/>
      <display value="Pulmonary"/>
    </concept>
    <concept>
      <code value="Radiology"/>
      <display value="Radiology"/>
    </concept>
    <concept>
      <code value="Social Services"/>
      <display value="Social Services"/>
    </concept>
    <concept>
      <code value="Speech Therapy"/>
      <display value="Speech Therapy"/>
    </concept>
    <concept>
      <code value="Thyroidology"/>
      <display value="Thyroidology"/>
    </concept>
    <concept>
      <code value="Tumor Board"/>
      <display value="Tumor Board"/>
    </concept>
    <concept>
      <code value="Urology"/>
      <display value="Urology"/>
    </concept>
    <concept>
      <code value="Home"/>
      <display value="Home"/>
    </concept>
    <concept>
      <code value="Veterinary Medicine"/>
      <display value="Veterinary Medicine"/>
    </concept>
  </define>
  <compose>
    <include>
      <system value="http://snomed.info/sct"/>
      <code value="394802001">
        <extension url="http://hl7.org/fhir/Profile/tools-extensions#display">
          <valueString value="General Medicine"/>
        </extension>
      </code>
      <code value="408478003">
        <extension url="http://hl7.org/fhir/Profile/tools-extensions#display">
          <valueString value="Critical Care Medicine"/>
        </extension>
      </code>
      <code value="410001006">
        <extension url="http://hl7.org/fhir/Profile/tools-extensions#display">
          <valueString value="Military Medicine"/>
        </extension>
      </code>
    </include>
  </compose>
</ValueSet>