<?xml version="1.0" encoding="UTF-8"?>

<ValueSet xmlns="http://hl7.org/fhir">
  <text>
    <status value="generated"/>
    <div xmlns="http://www.w3.org/1999/xhtml">
      <h2>ExposureType</h2>
      <p>The type of exposure that resulted in an adverse reaction</p>
      <p>This value set defines its own terms in the system http://hl7.org/fhir/exposureType</p>
      <table>
        <tr>
          <td>
            <b>Code</b>
          </td>
          <td>
            <b>Display</b>
          </td>
          <td>
            <b>Definition</b>
          </td>
        </tr>
        <tr>
          <td>drugadmin
            <a name="drugadmin"> </a>
          </td>
          <td/>
          <td>Drug Administration.</td>
        </tr>
        <tr>
          <td>immuniz
            <a name="immuniz"> </a>
          </td>
          <td/>
          <td>Immunization.</td>
        </tr>
        <tr>
          <td>coincidental
            <a name="coincidental"> </a>
          </td>
          <td/>
          <td>In the same area as the substance.</td>
        </tr>
      </table>
    </div>
  </text>
  <identifier value="http://hl7.org/fhir/vs/exposureType"/>
  <name value="ExposureType"/>
  <publisher value="HL7 (FHIR Project)"/>
  <telecom>
    <system value="url"/>
    <value value="http://hl7.org/fhir"/>
  </telecom>
  <telecom>
    <system value="email"/>
    <value value="fhir@lists.hl7.org"/>
  </telecom>
  <description value="The type of exposure that resulted in an adverse reaction"/>
  <status value="draft"/>
  <date value="2014-04-15T15:09:14.215-00:00"/>
  <define>
    <system value="http://hl7.org/fhir/exposureType"/>
    <caseSensitive value="true"/>
    <concept>
      <code value="drugadmin"/>
      <definition value="Drug Administration."/>
    </concept>
    <concept>
      <code value="immuniz"/>
      <definition value="Immunization."/>
    </concept>
    <concept>
      <code value="coincidental"/>
      <definition value="In the same area as the substance."/>
    </concept>
  </define>
</ValueSet>