<?xml version="1.0" encoding="UTF-8"?>

<ValueSet xmlns="http://hl7.org/fhir">
  <text>
    <status value="generated"/>
    <div xmlns="http://www.w3.org/1999/xhtml">
      This value set includes all codes in HL7 table HL7 v2 table 0074. It grows as new codes are defined by the release of new HL7 versions
    
      <hr/>
      <h2>LOINC Diagnostic Report Codes</h2>
      <p>This value set includes all the codes in HL7 v2 table 0074</p>
      <p>This value set includes codes defined in other code systems, using the following rules:</p>
      <ul>
        <li>Include all codes defined in 
          <a href="v2/0074/index.html">http://hl7.org/fhir/v2/0074</a>
        </li>
      </ul>
    </div>
  </text>
  <identifier value="http://hl7.org/fhir/vs/diagnostic-service-sections"/>
  <name value="LOINC Diagnostic Report Codes"/>
  <publisher value="FHIR Project team"/>
  <telecom>
    <system value="url"/>
    <value value="http://hl7.org/fhir"/>
  </telecom>
  <description value="This value set includes all the codes in HL7 v2 table 0074"/>
  <status value="draft"/>
  <compose>
    <include>
      <system value="http://hl7.org/fhir/v2/0074"/>
    </include>
  </compose>
</ValueSet>