<?xml version="1.0" encoding="UTF-8"?>

<ValueSet xmlns="http://hl7.org/fhir">
  <text>
    <status value="generated"/>
    <div xmlns="http://www.w3.org/1999/xhtml">
      <h2>Media Collection View/Projection</h2>
      <p>Codes defined in SNOMED CT that can be used to record Media Recording views</p>
      <p>This value set includes codes defined in other code systems, using the following rules:</p>
      <ul>
        <li>Include codes from http://snomed.info/sct where concept  is-a  260419006</li>
      </ul>
    </div>
  </text>
  <identifier value="http://hl7.org/fhir/vs/media-view"/>
  <name value="Media Collection View/Projection"/>
  <publisher value="FHIR Project team"/>
  <telecom>
    <system value="url"/>
    <value value="http://hl7.org/fhir"/>
  </telecom>
  <description value="Codes defined in SNOMED CT that can be used to record Media Recording views"/>
  <status value="draft"/>
  <compose>
    <include>
      <system value="http://snomed.info/sct"/>
      <filter>
        <property value="concept"/>
        <op value="is-a"/>
        <value value="260419006"/>
      </filter>
    </include>
  </compose>
</ValueSet>