<?xml version="1.0" encoding="UTF-8"?>

<ValueSet xmlns="http://hl7.org/fhir">
  <text>
    <status value="generated"/>
    <div xmlns="http://www.w3.org/1999/xhtml">
      <h2>NamespaceStatus</h2>
      <p>Indicates whether the namespace should be used</p>
      <p>This value set defines its own terms in the system http://hl7.org/fhir/namespace-status</p>
      <table>
        <tr>
          <td>
            <b>Code</b>
          </td>
          <td>
            <b>Display</b>
          </td>
          <td>
            <b>Definition</b>
          </td>
        </tr>
        <tr>
          <td>proposed
            <a name="proposed"> </a>
          </td>
          <td/>
          <td>System has been submitted but not yet approved.</td>
        </tr>
        <tr>
          <td>active
            <a name="active"> </a>
          </td>
          <td/>
          <td>System is valid for use.</td>
        </tr>
        <tr>
          <td>retired
            <a name="retired"> </a>
          </td>
          <td/>
          <td>System should no longer be used.</td>
        </tr>
      </table>
    </div>
  </text>
  <identifier value="http://hl7.org/fhir/vs/namespace-status"/>
  <name value="NamespaceStatus"/>
  <publisher value="HL7 (FHIR Project)"/>
  <telecom>
    <system value="url"/>
    <value value="http://hl7.org/fhir"/>
  </telecom>
  <telecom>
    <system value="email"/>
    <value value="fhir@lists.hl7.org"/>
  </telecom>
  <description value="Indicates whether the namespace should be used"/>
  <status value="draft"/>
  <date value="2014-04-10T06:19:25.507-00:00"/>
  <define>
    <system value="http://hl7.org/fhir/namespace-status"/>
    <caseSensitive value="true"/>
    <concept>
      <code value="proposed"/>
      <definition value="System has been submitted but not yet approved."/>
    </concept>
    <concept>
      <code value="active"/>
      <definition value="System is valid for use."/>
    </concept>
    <concept>
      <code value="retired"/>
      <definition value="System should no longer be used."/>
    </concept>
  </define>
</ValueSet>