<?xml version="1.0" encoding="UTF-8"?>

<ValueSet xmlns="http://hl7.org/fhir">
  <text>
    <status value="generated"/>
    <div xmlns="http://www.w3.org/1999/xhtml">
      
      <p>The value set includes the v3 RoleCode PRN (parent) and all of its specializations.</p>
    
    </div>
  </text>
  <identifier value="http://hl7.org/fhir/vs/parent-relationship-codes"/>
  <name value="Parent Relationship Codes"/>
  <publisher value="FHIR Project team"/>
  <telecom>
    <system value="url"/>
    <value value="http://hl7.org/fhir"/>
  </telecom>
  <description value="The value set includes the v3 RoleCode PRN (parent) and all of its specializations."/>
  <status value="draft"/>
  <compose>
    <include>
      <system value="http://hl7.org/fhir/v3/RoleCode"/>
      <filter>
        <property value="concept"/>
        <op value="is-a"/>
        <value value="PRN"/>
      </filter>
    </include>
  </compose>
</ValueSet>