<?xml version="1.0" encoding="UTF-8"?>

<ValueSet xmlns="http://hl7.org/fhir">
  <text>
    <status value="generated"/>
    <div xmlns="http://www.w3.org/1999/xhtml">
      <h2>ProcedureRelationshipType</h2>
      <p>The nature of the relationship with this procedure</p>
      <p>This value set defines its own terms in the system http://hl7.org/fhir/procedure-relationship-type</p>
      <table>
        <tr>
          <td>
            <b>Code</b>
          </td>
          <td>
            <b>Display</b>
          </td>
          <td>
            <b>Definition</b>
          </td>
        </tr>
        <tr>
          <td>caused-by
            <a name="caused-by"> </a>
          </td>
          <td/>
          <td>This procedure had to be performed because of the related one.</td>
        </tr>
        <tr>
          <td>because-of
            <a name="because-of"> </a>
          </td>
          <td/>
          <td>This procedure caused the related one to be performed.</td>
        </tr>
      </table>
    </div>
  </text>
  <identifier value="http://hl7.org/fhir/vs/procedure-relationship-type"/>
  <name value="ProcedureRelationshipType"/>
  <publisher value="HL7 (FHIR Project)"/>
  <telecom>
    <system value="url"/>
    <value value="http://hl7.org/fhir"/>
  </telecom>
  <telecom>
    <system value="email"/>
    <value value="fhir@lists.hl7.org"/>
  </telecom>
  <description value="The nature of the relationship with this procedure"/>
  <status value="draft"/>
  <date value="2014-04-10T06:19:25.502-00:00"/>
  <define>
    <system value="http://hl7.org/fhir/procedure-relationship-type"/>
    <caseSensitive value="true"/>
    <concept>
      <code value="caused-by"/>
      <definition value="This procedure had to be performed because of the related one."/>
    </concept>
    <concept>
      <code value="because-of"/>
      <definition value="This procedure caused the related one to be performed."/>
    </concept>
  </define>
</ValueSet>