<?xml version="1.0" encoding="UTF-8"?>

<ValueSet xmlns="http://hl7.org/fhir">
  <text>
    <status value="generated"/>
    <div xmlns="http://www.w3.org/1999/xhtml">
      <h2>Example Use Codes for List</h2>
      <p>Example use codes for the List resource - typical kinds of use. TODO: Does LOINC define useful codes?</p>
      <p>This value set defines its own terms in the system http://hl7.org/fhir/list-example-use-codes</p>
      <table>
        <tr>
          <td>
            <b>Code</b>
          </td>
          <td>
            <b>Display</b>
          </td>
          <td>
            <b>Definition</b>
          </td>
        </tr>
        <tr>
          <td>alerts
            <a name="alerts"> </a>
          </td>
          <td>Alerts</td>
          <td>A list of alerts for the patient</td>
        </tr>
        <tr>
          <td>adverserxns
            <a name="adverserxns"> </a>
          </td>
          <td>Adverse Reactions</td>
          <td>A list of part adverse reactions</td>
        </tr>
        <tr>
          <td>allergies
            <a name="allergies"> </a>
          </td>
          <td>Allergies</td>
          <td>A list of Allergies for the patient</td>
        </tr>
        <tr>
          <td>medications
            <a name="medications"> </a>
          </td>
          <td>Medication List</td>
          <td>A list of medication statements for the patient</td>
        </tr>
        <tr>
          <td>problems
            <a name="problems"> </a>
          </td>
          <td>Problem List</td>
          <td>A list of problems that the patient is known of have (or have had in the past)</td>
        </tr>
        <tr>
          <td>worklist
            <a name="worklist"> </a>
          </td>
          <td>Worklist</td>
          <td>A list of items that constitute a set of work to be performed (typically this code would be specialised for more specific uses, such as a ward round list)</td>
        </tr>
        <tr>
          <td>waiting
            <a name="waiting"> </a>
          </td>
          <td>Waiting List</td>
          <td>A list of items waiting for an event (perhaps a surgical patient waiting list)</td>
        </tr>
        <tr>
          <td>protocols
            <a name="protocols"> </a>
          </td>
          <td>Protocols</td>
          <td>A set of protocols to be followed</td>
        </tr>
        <tr>
          <td>plans
            <a name="plans"> </a>
          </td>
          <td>Care Plans</td>
          <td>A set of care plans that apply in a particular context of care</td>
        </tr>
      </table>
    </div>
  </text>
  <identifier value="http://hl7.org/fhir/vs/list-example-codes"/>
  <name value="Example Use Codes for List"/>
  <publisher value="FHIR Project"/>
  <telecom>
    <system value="url"/>
    <value value="http://hl7.org/fhir"/>
  </telecom>
  <description value="Example use codes for the List resource - typical kinds of use. TODO: Does LOINC define useful codes?"/>
  <status value="draft"/>
  <define>
    <system value="http://hl7.org/fhir/list-example-use-codes"/>
    <concept>
      <code value="alerts"/>
      <display value="Alerts"/>
      <definition value="A list of alerts for the patient"/>
    </concept>
    <concept>
      <code value="adverserxns"/>
      <display value="Adverse Reactions"/>
      <definition value="A list of part adverse reactions"/>
    </concept>
    <concept>
      <code value="allergies"/>
      <display value="Allergies"/>
      <definition value="A list of Allergies for the patient"/>
    </concept>
    <concept>
      <code value="medications"/>
      <display value="Medication List"/>
      <definition value="A list of medication statements for the patient"/>
    </concept>
    <concept>
      <code value="problems"/>
      <display value="Problem List"/>
      <definition value="A list of problems that the patient is known of have (or have had in the past)"/>
    </concept>
    <concept>
      <code value="worklist"/>
      <display value="Worklist"/>
      <definition value="A list of items that constitute a set of work to be performed (typically this code would be specialised for more specific uses, such as a ward round list)"/>
    </concept>
    <concept>
      <code value="waiting"/>
      <display value="Waiting List"/>
      <definition value="A list of items waiting for an event (perhaps a surgical patient waiting list)"/>
    </concept>
    <concept>
      <code value="protocols"/>
      <display value="Protocols"/>
      <definition value="A set of protocols to be followed"/>
    </concept>
    <concept>
      <code value="plans"/>
      <display value="Care Plans"/>
      <definition value="A set of care plans that apply in a particular context of care"/>
    </concept>
  </define>
</ValueSet>