{"resourceType":"Questionnaire","text":{"status":"generated","div":"<div>\n      <p>\n        <b>Generated Narrative with Details</b>\n      </p>\n      <p>\n        <b>status</b>: completed\n      </p>\n      <p>\n        <b>authored</b>: 18-Jun 2013 0:0\n      </p>\n      <p>\n        <b>subject</b>: \n        <a href=\"patient-example-f201-roel.html\">Roel. Generated Summary: BSN = 123456789 (official), BSN = 123456789 (official); Roel(official); \n          <span title=\"Codes: {http://snomed.info/sct 248153007}, {http://hl7.org/fhir/v3/AdministrativeGender M}\">Male</span>; birthDate: 13-Mar 1960; \n          <span title=\"Codes: {http://snomed.info/sct 36629006}, {http://hl7.org/fhir/v3/MaritalStatus M}\">Legally married</span>; \n          <span title=\"Codes: {urn:std:iso:639-1 nl-NL}\">Dutch</span>; active\n        </a>\n      </p>\n      <p>\n        <b>author</b>: \n        <a href=\"practitioner-example-f201-ab.html\">Generated Summary: UZI-nummer = 12345678901 (official); Dokter Bronsig(official); \n          <span title=\"Codes: {http://snomed.info/sct 248153007}\">Male</span>; birthDate: 24-Dec 1956; \n          <span title=\"Codes: {http://snomed.info/sct 225304007}\">Implementation of planned interventions</span>; \n          <span title=\"Codes: {http://snomed.info/sct 310512001}\">Medical oncologist</span>\n        </a>\n      </p>\n      <p>\n        <b>source</b>: \n        <a href=\"practitioner-example-f201-ab.html\">Generated Summary: UZI-nummer = 12345678901 (official); Dokter Bronsig(official); \n          <span title=\"Codes: {http://snomed.info/sct 248153007}\">Male</span>; birthDate: 24-Dec 1956; \n          <span title=\"Codes: {http://snomed.info/sct 225304007}\">Implementation of planned interventions</span>; \n          <span title=\"Codes: {http://snomed.info/sct 310512001}\">Medical oncologist</span>\n        </a>\n      </p>\n      <p>\n        <b>name</b>: Lifelines Questionnaire 1 part 1 \n        <span style=\"background: LightGoldenRodYellow \">(Details : {https://lifelines.nl code 'VL 1-1, 18-65_1.2.2' = 'VL 1-1, 18-65_1.2.2', given as 'Lifelines Questionnaire 1 part 1'})</span>\n      </p>\n      <p>\n        <b>identifier</b>: Roel's VL 1-1, 18-65_1.2.2 = ?? (temp)\n      </p>\n      <blockquote>\n        <p>\n          <b>group</b>\n        </p>\n        <blockquote>\n          <p>\n            <b>group</b>\n          </p>\n        </blockquote>\n      </blockquote>\n      <p>\n        <b style=\"color: maroon\">Exception generating Narrative: null</b>\n      </p>\n    </div>"},"status":"completed","authored":"2013-06-18T00:00:00+01:00","subject":{"reference":"Patient/f201","display":"Roel"},"author":{"reference":"Practitioner/f201"},"source":{"reference":"Practitioner/f201"},"name":{"coding":[{"system":"https://lifelines.nl","code":"VL 1-1, 18-65_1.2.2","display":"Lifelines Questionnaire 1 part 1"}]},"identifier":[{"use":"temp","label":"Roel's VL 1-1, 18-65_1.2.2"}],"group":{"group":[{"question":[{"text":"Do you have allergies?","answerString":"I am allergic to house dust"}]},{"header":"General questions","question":[{"text":"What is your gender?","answerString":"Male"},{"name":{"text":"What is your date of birth?"},"answerDate":"1960-03-13"},{"name":{"text":"What is your country of birth?"},"answerString":"The Netherlands"},{"name":{"text":"What is your marital status?"},"answerString":"married"}]},{"header":"Intoxications","question":[{"text":"Do you smoke?","answerString":"No"},{"text":"Do you drink alchohol?","answerString":"No, but I used to drink"}]}]}}