{
  "resourceType": "ValueSet",
  "text": {
    "status": "generated",
    "div": "<div><h2>ProbabilityDistributionType</h2><p>Codes specifying the type of probability distribution</p><p>This value set includes codes defined in other code systems, using the following rules:</p><ul><li>Include these codes as defined in <a href=\"http://hl7.org/fhir/v3/ProbabilityDistributionType\">http://hl7.org/fhir/v3/ProbabilityDistributionType</a><table><tr><td><b>Code</b></td><td><b>Display</b></td><td><b>Definition</b></td></tr><tr><td>B</td><td>beta</td><td>The beta-distribution is used for data that is bounded on both sides and may or may not be skewed (e.g., occurs when probabilities are estimated.) Two parameters a and b are available to adjust the curve. The mean m and variance s2 relate as follows: m = a/ (a + b) and s2 = ab/((a + b)2 (a + b + 1)).</td></tr><tr><td>E</td><td>exponential</td><td>Used for data that describes extinction. The exponential distribution is a special form of g-distribution where a = 1, hence, the relationship to mean m and variance s2 are m = b and s2 = b2.</td></tr><tr><td>F</td><td>F</td><td>Used to describe the quotient of two c2 random variables. The F-distribution has two parameters n1 and n2, which are the numbers of degrees of freedom of the numerator and denominator variable respectively. The relationship to mean m and variance s2 are: m = n2 / (n2 - 2) and s2 = (2 n2 (n2 + n1 - 2)) / (n1 (n2 - 2)2 (n2 - 4)).</td></tr><tr><td>G</td><td>(gamma)</td><td>The gamma-distribution used for data that is skewed and bounded to the right, i.e. where the maximum of the distribution curve is located near the origin. The g-distribution has a two parameters a and b. The relationship to mean m and variance s2 is m = a b and s2 = a b2.</td></tr><tr><td>LN</td><td>log-normal</td><td>The logarithmic normal distribution is used to transform skewed random variable X into a normally distributed random variable U = log X. The log-normal distribution can be specified with the properties mean m and standard deviation s. Note however that mean m and standard deviation s are the parameters of the raw value distribution, not the transformed parameters of the lognormal distribution that are conventionally referred to by the same letters. Those log-normal parameters mlog and slog relate to the mean m and standard deviation s of the data value through slog2 = log (s2/m2 + 1) and mlog = log m - slog2/2.</td></tr><tr><td>N</td><td>normal (Gaussian)</td><td>This is the well-known bell-shaped normal distribution. Because of the central limit theorem, the normal distribution is the distribution of choice for an unbounded random variable that is an outcome of a combination of many stochastic processes. Even for values bounded on a single side (i.e. greater than 0) the normal distribution may be accurate enough if the mean is &quot;far away&quot; from the bound of the scale measured in terms of standard deviations.</td></tr><tr><td>T</td><td>T</td><td>Used to describe the quotient of a normal random variable and the square root of a c2 random variable. The t-distribution has one parameter n, the number of degrees of freedom. The relationship to mean m and variance s2 are: m = 0 and s2 = n / (n - 2).</td></tr><tr><td>U</td><td>uniform</td><td>The uniform distribution assigns a constant probability over the entire interval of possible outcomes, while all outcomes outside this interval are assumed to have zero probability. The width of this interval is 2s sqrt(3). Thus, the uniform distribution assigns the probability densities f(x) = sqrt(2 s sqrt(3)) to values m - s sqrt(3) &gt;= x &lt;= m + s sqrt(3) and f(x) = 0 otherwise.</td></tr><tr><td>X2</td><td>chi square</td><td>Used to describe the sum of squares of random variables which occurs when a variance is estimated (rather than presumed) from the sample. The only parameter of the c2-distribution is n, so called the number of degrees of freedom (which is the number of independent parts in the sum). The c2-distribution is a special type of g-distribution with parameter a = n /2 and b = 2. Hence, m = n and s2 = 2 n.</td></tr></table></li></ul></div>"
  },
  "identifier": "http://hl7.org/fhir/vs/probability-distribution-type",
  "name": "ProbabilityDistributionType",
  "publisher": "HL7 (FHIR Project)",
  "telecom": [
    {
      "system": "url",
      "value": "http://hl7.org/fhir"
    },
    {
      "system": "email",
      "value": "fhir@lists.hl7.org"
    }
  ],
  "description": "Codes specifying the type of probability distribution",
  "status": "draft",
  "date": "2014-04-10T06:19:25.516-00:00",
  "compose": {
    "include": [
      {
        "system": "http://hl7.org/fhir/v3/ProbabilityDistributionType",
        "code": [
          "B",
          "E",
          "F",
          "G",
          "LN",
          "N",
          "T",
          "U",
          "X2"
        ],
        "_code": [
          {
            "extension": [
              {
                "url": "http://hl7.org/fhir/Profile/tools-extensions#definition",
                "valueString": "The beta-distribution is used for data that is bounded on both sides and may or may not be skewed (e.g., occurs when probabilities are estimated.) Two parameters a and b are available to adjust the curve. The mean m and variance s2 relate as follows: m = a/ (a + b) and s2 = ab/((a + b)2 (a + b + 1))."
              }
            ]
          },
          {
            "extension": [
              {
                "url": "http://hl7.org/fhir/Profile/tools-extensions#definition",
                "valueString": "Used for data that describes extinction. The exponential distribution is a special form of g-distribution where a = 1, hence, the relationship to mean m and variance s2 are m = b and s2 = b2."
              }
            ]
          },
          {
            "extension": [
              {
                "url": "http://hl7.org/fhir/Profile/tools-extensions#definition",
                "valueString": "Used to describe the quotient of two c2 random variables. The F-distribution has two parameters n1 and n2, which are the numbers of degrees of freedom of the numerator and denominator variable respectively. The relationship to mean m and variance s2 are: m = n2 / (n2 - 2) and s2 = (2 n2 (n2 + n1 - 2)) / (n1 (n2 - 2)2 (n2 - 4))."
              }
            ]
          },
          {
            "extension": [
              {
                "url": "http://hl7.org/fhir/Profile/tools-extensions#definition",
                "valueString": "The gamma-distribution used for data that is skewed and bounded to the right, i.e. where the maximum of the distribution curve is located near the origin. The g-distribution has a two parameters a and b. The relationship to mean m and variance s2 is m = a b and s2 = a b2."
              }
            ]
          },
          {
            "extension": [
              {
                "url": "http://hl7.org/fhir/Profile/tools-extensions#definition",
                "valueString": "The logarithmic normal distribution is used to transform skewed random variable X into a normally distributed random variable U = log X. The log-normal distribution can be specified with the properties mean m and standard deviation s. Note however that mean m and standard deviation s are the parameters of the raw value distribution, not the transformed parameters of the lognormal distribution that are conventionally referred to by the same letters. Those log-normal parameters mlog and slog relate to the mean m and standard deviation s of the data value through slog2 = log (s2/m2 + 1) and mlog = log m - slog2/2."
              }
            ]
          },
          {
            "extension": [
              {
                "url": "http://hl7.org/fhir/Profile/tools-extensions#definition",
                "valueString": "This is the well-known bell-shaped normal distribution. Because of the central limit theorem, the normal distribution is the distribution of choice for an unbounded random variable that is an outcome of a combination of many stochastic processes. Even for values bounded on a single side (i.e. greater than 0) the normal distribution may be accurate enough if the mean is \"far away\" from the bound of the scale measured in terms of standard deviations."
              }
            ]
          },
          {
            "extension": [
              {
                "url": "http://hl7.org/fhir/Profile/tools-extensions#definition",
                "valueString": "Used to describe the quotient of a normal random variable and the square root of a c2 random variable. The t-distribution has one parameter n, the number of degrees of freedom. The relationship to mean m and variance s2 are: m = 0 and s2 = n / (n - 2)."
              }
            ]
          },
          {
            "extension": [
              {
                "url": "http://hl7.org/fhir/Profile/tools-extensions#definition",
                "valueString": "The uniform distribution assigns a constant probability over the entire interval of possible outcomes, while all outcomes outside this interval are assumed to have zero probability. The width of this interval is 2s sqrt(3). Thus, the uniform distribution assigns the probability densities f(x) = sqrt(2 s sqrt(3)) to values m - s sqrt(3) >= x <= m + s sqrt(3) and f(x) = 0 otherwise."
              }
            ]
          },
          {
            "extension": [
              {
                "url": "http://hl7.org/fhir/Profile/tools-extensions#definition",
                "valueString": "Used to describe the sum of squares of random variables which occurs when a variance is estimated (rather than presumed) from the sample. The only parameter of the c2-distribution is n, so called the number of degrees of freedom (which is the number of independent parts in the sum). The c2-distribution is a special type of g-distribution with parameter a = n /2 and b = 2. Hence, m = n and s2 = 2 n."
              }
            ]
          }
        ]
      }
    ]
  }
}