<?xml version="1.0" encoding="UTF-8"?>

<ValueSet xmlns="http://hl7.org/fhir">
  <text>
    <status value="generated"/>
    <div xmlns="http://www.w3.org/1999/xhtml">
      <h2>SlotStatus</h2>
      <p>The free/busy status of an appointment</p>
      <p>This value set defines its own terms in the system http://hl7.org/fhir/slotstatus</p>
      <table>
        <tr>
          <td>
            <b>Code</b>
          </td>
          <td>
            <b>Display</b>
          </td>
          <td>
            <b>Definition</b>
          </td>
        </tr>
        <tr>
          <td>BUSY
            <a name="BUSY"> </a>
          </td>
          <td/>
          <td>Indicates that the time interval is busy because one  or more events have been scheduled for that interval.</td>
        </tr>
        <tr>
          <td>FREE
            <a name="FREE"> </a>
          </td>
          <td/>
          <td>Indicates that the time interval is free for scheduling.</td>
        </tr>
        <tr>
          <td>BUSY-UNAVAILABLE
            <a name="BUSY-UNAVAILABLE"> </a>
          </td>
          <td/>
          <td>Indicates that the time interval is busy and that the interval can not be scheduled.</td>
        </tr>
        <tr>
          <td>BUSY-TENTATIVE
            <a name="BUSY-TENTATIVE"> </a>
          </td>
          <td/>
          <td>Indicates that the time interval is busy because one or more events have been tentatively scheduled for that interval.</td>
        </tr>
      </table>
    </div>
  </text>
  <identifier value="http://hl7.org/fhir/vs/slotstatus"/>
  <name value="SlotStatus"/>
  <publisher value="HL7 (FHIR Project)"/>
  <telecom>
    <system value="url"/>
    <value value="http://hl7.org/fhir"/>
  </telecom>
  <telecom>
    <system value="email"/>
    <value value="fhir@lists.hl7.org"/>
  </telecom>
  <description value="The free/busy status of an appointment"/>
  <status value="draft"/>
  <date value="2014-04-15T02:00:40.037-00:00"/>
  <define>
    <system value="http://hl7.org/fhir/slotstatus"/>
    <caseSensitive value="true"/>
    <concept>
      <code value="BUSY"/>
      <definition value="Indicates that the time interval is busy because one  or more events have been scheduled for that interval."/>
    </concept>
    <concept>
      <code value="FREE"/>
      <definition value="Indicates that the time interval is free for scheduling."/>
    </concept>
    <concept>
      <code value="BUSY-UNAVAILABLE"/>
      <definition value="Indicates that the time interval is busy and that the interval can not be scheduled."/>
    </concept>
    <concept>
      <code value="BUSY-TENTATIVE"/>
      <definition value="Indicates that the time interval is busy because one or more events have been tentatively scheduled for that interval."/>
    </concept>
  </define>
</ValueSet>