<?xml version="1.0" encoding="UTF-8"?>

<ValueSet xmlns="http://hl7.org/fhir">
  <text>
    <status value="generated"/>
    <div xmlns="http://www.w3.org/1999/xhtml">
      <h2>Immunization Route Codes</h2>
      <p>The value set to instantiate this attribute should be drawn from a terminologically robust code system that consists of or          contains concepts to support the medication process, in particular the process and reasons for dispensing. This value set is provided as a suggestive example</p>
      <p>This value set includes codes defined in other code systems, using the following rules:</p>
      <ul>
        <li>Include these codes as defined in 
          <a href="http://hl7.org/fhir/v3/RouteOfAdministration">http://hl7.org/fhir/v3/RouteOfAdministration</a>
          <table>
            <tr>
              <td>
                <b>Code</b>
              </td>
              <td>
                <b>Display</b>
              </td>
              <td>
                <b>Definition</b>
              </td>
            </tr>
            <tr>
              <td>IM</td>
              <td>Injection, intramuscular</td>
              <td>Injection, intramuscular</td>
            </tr>
            <tr>
              <td>PO</td>
              <td>Swallow, oral</td>
              <td>Swallow, oral</td>
            </tr>
            <tr>
              <td>NASINHL</td>
              <td>Inhalation, nasal</td>
              <td>Inhalation, nasal</td>
            </tr>
          </table>
        </li>
      </ul>
    </div>
  </text>
  <identifier value="http://hl7.org/fhir/vs/immunization-route"/>
  <name value="Immunization Route Codes"/>
  <publisher value="FHIR Project team"/>
  <telecom>
    <system value="url"/>
    <value value="http://hl7.org/fhir"/>
  </telecom>
  <description value="The value set to instantiate this attribute should be drawn from a terminologically robust code system that consists of or          contains concepts to support the medication process, in particular the process and reasons for dispensing. This value set is provided as a suggestive example"/>
  <status value="draft"/>
  <compose>
    <include>
      <system value="http://hl7.org/fhir/v3/RouteOfAdministration"/>
      <code value="IM"/>
      <code value="PO"/>
      <code value="NASINHL"/>
    </include>
  </compose>
</ValueSet>