<?xml version="1.0" encoding="UTF-8"?>

<ConceptMap xmlns="http://hl7.org/fhir">
  <text>
    <status value="generated"/>
    <div xmlns="http://www.w3.org/1999/xhtml">
      <h2>v3 map for DocumentReferenceStatus (http://hl7.org/fhir/cm/v3/document-reference-status)</h2>
      <p>Mapping from 
        <a href="document-reference-status.html">http://hl7.org/fhir/vs/document-reference-status</a> to 
        <a href="v3/ActStatus/index.html">http://hl7.org/fhir/v3/vs/ActStatus</a>
      </p>
      <p>Draft. Published on 10-Apr 2014 8:35 by HL7 (FHIR Project) (
        <a href="http://hl7.org/fhir">http://hl7.org/fhir</a>, 
        <a href="mailto:fhir@lists.hl7.org">fhir@lists.hl7.org</a>). 
      </p>
      <p>v3 Map (ActStatus)</p>
      <br/>
      <table class="grid">
        <tr>
          <td>
            <b>Source Code</b>
          </td>
          <td>
            <b>Equivalence</b>
          </td>
          <td>
            <b>Destination Code</b>
          </td>
        </tr>
        <tr>
          <td>current</td>
          <td>equivalent</td>
          <td>active (active)</td>
        </tr>
        <tr>
          <td>superceded</td>
          <td>equivalent</td>
          <td>obsolete (obsolete)</td>
        </tr>
        <tr>
          <td>entered in error</td>
          <td>equivalent</td>
          <td>nullified (nullified)</td>
        </tr>
      </table>
    </div>
  </text>
  <identifier value="http://hl7.org/fhir/cm/v3/document-reference-status"/>
  <name value="v3 map for DocumentReferenceStatus"/>
  <publisher value="HL7 (FHIR Project)"/>
  <telecom>
    <system value="url"/>
    <value value="http://hl7.org/fhir"/>
  </telecom>
  <telecom>
    <system value="email"/>
    <value value="fhir@lists.hl7.org"/>
  </telecom>
  <description value="v3 Map (ActStatus)"/>
  <status value="draft"/>
  <date value="2014-04-10T08:35:04.626-00:00"/>
  <source>
    <reference value="http://hl7.org/fhir/vs/document-reference-status"/>
  </source>
  <target>
    <reference value="http://hl7.org/fhir/v3/vs/ActStatus"/>
  </target>
  <concept>
    <system value="http://hl7.org/fhir/document-reference-status"/>
    <code value="current"/>
    <map>
      <system value="http://hl7.org/fhir/v3/ActStatus"/>
      <code value="active"/>
      <equivalence value="equivalent"/>
    </map>
  </concept>
  <concept>
    <system value="http://hl7.org/fhir/document-reference-status"/>
    <code value="superceded"/>
    <map>
      <system value="http://hl7.org/fhir/v3/ActStatus"/>
      <code value="obsolete"/>
      <equivalence value="equivalent"/>
    </map>
  </concept>
  <concept>
    <system value="http://hl7.org/fhir/document-reference-status"/>
    <code value="entered in error"/>
    <map>
      <system value="http://hl7.org/fhir/v3/ActStatus"/>
      <code value="nullified"/>
      <equivalence value="equivalent"/>
    </map>
  </concept>
</ConceptMap>