<?xml version="1.0" encoding="UTF-8"?>

<ValueSet xmlns="http://hl7.org/fhir">
  <text>
    <status value="generated"/>
    <div xmlns="http://www.w3.org/1999/xhtml">
      <h2>SpecialCourtesy</h2>
      <p>This value set defines a set of codes that can be used to indicate special courtesies provided to the patient.</p>
      <p>This value set includes codes defined in other code systems, using the following rules:</p>
      <ul>
        <li>Include these codes as defined in 
          <a href="http://hl7.org/fhir/v3/EncounterSpecialCourtesy">http://hl7.org/fhir/v3/EncounterSpecialCourtesy</a>
          <table>
            <tr>
              <td>
                <b>Code</b>
              </td>
              <td>
                <b>Display</b>
              </td>
              <td>
                <b>Definition</b>
              </td>
            </tr>
            <tr>
              <td>EXT</td>
              <td>extended courtesy</td>
              <td/>
            </tr>
            <tr>
              <td>NRM</td>
              <td>normal courtesy</td>
              <td/>
            </tr>
            <tr>
              <td>PRF</td>
              <td>professional courtesy</td>
              <td/>
            </tr>
            <tr>
              <td>STF</td>
              <td>staff</td>
              <td>Courtesies extended to the staff of the entity providing service.</td>
            </tr>
            <tr>
              <td>VIP</td>
              <td>very important person</td>
              <td/>
            </tr>
          </table>
        </li>
        <li>Include these codes as defined in 
          <a href="http://hl7.org/fhir/v3/NullFlavor">http://hl7.org/fhir/v3/NullFlavor</a>
          <table>
            <tr>
              <td>
                <b>Code</b>
              </td>
              <td>
                <b>Display</b>
              </td>
              <td>
                <b>Definition</b>
              </td>
            </tr>
            <tr>
              <td>UNK</td>
              <td>unknown</td>
              <td>Description:A proper value is applicable, but not known.
                <br/>
                        
                           Usage Notes: This means the actual value is not known.  If the only thing that is unknown is how to properly express the value in the necessary constraints (value set, datatype, etc.), then the OTH or UNC flavor should be used.  No properties should be included for a datatype with this property unless:
                <br/>
                        
                           Those properties themselves directly translate to a semantic of &quot;unknown&quot;.  (E.g. a local code sent as a translation that conveys &#39;unknown&#39;)
                           Those properties further qualify the nature of what is unknown.  (E.g. specifying a use code of &quot;H&quot; and a URL prefix of &quot;tel:&quot; to convey that it is the home phone number that is unknown.)
              </td>
            </tr>
          </table>
        </li>
      </ul>
    </div>
  </text>
  <identifier value="http://hl7.org/fhir/vs/encounter-special-courtesy"/>
  <name value="SpecialCourtesy"/>
  <publisher value="FHIR Project team"/>
  <telecom>
    <system value="url"/>
    <value value="http://hl7.org/fhir"/>
  </telecom>
  <description value="This value set defines a set of codes that can be used to indicate special courtesies provided to the patient."/>
  <status value="draft"/>
  <compose>
    <include>
      <system value="http://hl7.org/fhir/v3/EncounterSpecialCourtesy"/>
      <code value="EXT"/>
      <code value="NRM"/>
      <code value="PRF"/>
      <code value="STF"/>
      <code value="VIP"/>
    </include>
    <include>
      <system value="http://hl7.org/fhir/v3/NullFlavor"/>
      <code value="UNK"/>
    </include>
  </compose>
</ValueSet>