<?xml version="1.0" encoding="UTF-8"?>

<ValueSet xmlns="http://hl7.org/fhir">
  <text>
    <status value="generated"/>
    <div xmlns="http://www.w3.org/1999/xhtml">
      <h2>SupplyDispenseStatus</h2>
      <p>Status of the dispense</p>
      <p>This value set defines its own terms in the system http://hl7.org/fhir/valueset-supply-dispense-status</p>
      <table>
        <tr>
          <td>
            <b>Code</b>
          </td>
          <td>
            <b>Display</b>
          </td>
          <td>
            <b>Definition</b>
          </td>
        </tr>
        <tr>
          <td>in progress
            <a name="inprogress"> </a>
          </td>
          <td>In Progress</td>
          <td>Supply has been requested, but not dispensed.</td>
        </tr>
        <tr>
          <td>dispensed
            <a name="dispensed"> </a>
          </td>
          <td>Dispensed</td>
          <td>Supply is part of a pharmacy order and has been dispensed.</td>
        </tr>
        <tr>
          <td>abandoned
            <a name="abandoned"> </a>
          </td>
          <td>Abandoned</td>
          <td>Dispensing was not completed.</td>
        </tr>
      </table>
    </div>
  </text>
  <identifier value="http://hl7.org/fhir/vs/valueset-supply-dispense-status"/>
  <name value="SupplyDispenseStatus"/>
  <publisher value="HL7 (FHIR Project)"/>
  <telecom>
    <system value="url"/>
    <value value="http://hl7.org/fhir"/>
  </telecom>
  <telecom>
    <system value="email"/>
    <value value="fhir@lists.hl7.org"/>
  </telecom>
  <description value="Status of the dispense"/>
  <status value="draft"/>
  <date value="2014-04-15T06:55:42.476-00:00"/>
  <define>
    <system value="http://hl7.org/fhir/valueset-supply-dispense-status"/>
    <caseSensitive value="true"/>
    <concept>
      <code value="in progress"/>
      <display value="In Progress"/>
      <definition value="Supply has been requested, but not dispensed."/>
    </concept>
    <concept>
      <code value="dispensed"/>
      <display value="Dispensed"/>
      <definition value="Supply is part of a pharmacy order and has been dispensed."/>
    </concept>
    <concept>
      <code value="abandoned"/>
      <display value="Abandoned"/>
      <definition value="Dispensing was not completed."/>
    </concept>
  </define>
</ValueSet>