<?xml version="1.0" encoding="UTF-8"?>

<ValueSet xmlns="http://hl7.org/fhir">
  <text>
    <status value="generated"/>
    <div xmlns="http://www.w3.org/1999/xhtml">
      <h2>ReactionSeverity</h2>
      <p>The severity of an adverse reaction.</p>
      <p>This value set defines its own terms in the system http://hl7.org/fhir/reactionSeverity</p>
      <table>
        <tr>
          <td>
            <b>Code</b>
          </td>
          <td>
            <b>Display</b>
          </td>
          <td>
            <b>Definition</b>
          </td>
        </tr>
        <tr>
          <td>severe
            <a name="severe"> </a>
          </td>
          <td/>
          <td>Severe complications arose due to the reaction.</td>
        </tr>
        <tr>
          <td>serious
            <a name="serious"> </a>
          </td>
          <td/>
          <td>Serious inconvenience to the subject.</td>
        </tr>
        <tr>
          <td>moderate
            <a name="moderate"> </a>
          </td>
          <td/>
          <td>Moderate inconvenience to the subject.</td>
        </tr>
        <tr>
          <td>minor
            <a name="minor"> </a>
          </td>
          <td/>
          <td>Minor inconvenience to the subject.</td>
        </tr>
      </table>
    </div>
  </text>
  <identifier value="http://hl7.org/fhir/vs/reactionSeverity"/>
  <name value="ReactionSeverity"/>
  <publisher value="HL7 (FHIR Project)"/>
  <telecom>
    <system value="url"/>
    <value value="http://hl7.org/fhir"/>
  </telecom>
  <telecom>
    <system value="email"/>
    <value value="fhir@lists.hl7.org"/>
  </telecom>
  <description value="The severity of an adverse reaction."/>
  <status value="draft"/>
  <date value="2014-04-03T04:13:25.376-00:00"/>
  <define>
    <system value="http://hl7.org/fhir/reactionSeverity"/>
    <caseSensitive value="true"/>
    <concept>
      <code value="severe"/>
      <definition value="Severe complications arose due to the reaction."/>
    </concept>
    <concept>
      <code value="serious"/>
      <definition value="Serious inconvenience to the subject."/>
    </concept>
    <concept>
      <code value="moderate"/>
      <definition value="Moderate inconvenience to the subject."/>
    </concept>
    <concept>
      <code value="minor"/>
      <definition value="Minor inconvenience to the subject."/>
    </concept>
  </define>
</ValueSet>