<?xml version="1.0" encoding="UTF-8"?>

<ValueSet xmlns="http://hl7.org/fhir">
  <text>
    <status value="generated"/>
    <div xmlns="http://www.w3.org/1999/xhtml">
      <h2>PropertyRepresentation</h2>
      <p>How a property is represented on the wire</p>
      <p>This value set defines its own terms in the system http://hl7.org/fhir/property-representation</p>
      <table>
        <tr>
          <td>
            <b>Code</b>
          </td>
          <td>
            <b>Display</b>
          </td>
          <td>
            <b>Definition</b>
          </td>
        </tr>
        <tr>
          <td>xmlAttr
            <a name="xmlAttr"> </a>
          </td>
          <td/>
          <td>In XML, this property is represented as an attribute not an element.</td>
        </tr>
      </table>
    </div>
  </text>
  <identifier value="http://hl7.org/fhir/vs/property-representation"/>
  <name value="PropertyRepresentation"/>
  <publisher value="HL7 (FHIR Project)"/>
  <telecom>
    <system value="url"/>
    <value value="http://hl7.org/fhir"/>
  </telecom>
  <telecom>
    <system value="email"/>
    <value value="fhir@lists.hl7.org"/>
  </telecom>
  <description value="How a property is represented on the wire"/>
  <status value="draft"/>
  <date value="2014-04-15T03:36:34.163-00:00"/>
  <define>
    <system value="http://hl7.org/fhir/property-representation"/>
    <caseSensitive value="true"/>
    <concept>
      <code value="xmlAttr"/>
      <definition value="In XML, this property is represented as an attribute not an element."/>
    </concept>
  </define>
</ValueSet>