{
  "resourceType": "ValueSet",
  "text": {
    "status": "generated",
    "div": "<div><h2>SecurityEventObjectRole</h2><p>Code representing the functional application role of Participant Object being audited</p><p>This value set defines its own terms in the system http://hl7.org/fhir/object-role</p><table><tr><td><b>Code</b></td><td><b>Display</b></td><td><b>Definition</b></td></tr><tr><td>1<a name=\"1\"> </a></td><td>Patient</td><td>This object is the patient that is the subject of care related to this event.  It is identifiable by patient ID or equivalent.  The patient may be either human or animal.</td></tr><tr><td>2<a name=\"2\"> </a></td><td>Location</td><td>This is a location identified as related to the event.  This is usually the location where the event took place.  Note that for shipping, the usual events are arrival at a location or departure from a location.</td></tr><tr><td>3<a name=\"3\"> </a></td><td>Report</td><td>This object is any kind of persistent document created as a result of the event.  This could be a paper report, film, electronic report, DICOM Study, etc.  Issues related to medical records life cycle management are conveyed elsewhere.</td></tr><tr><td>4<a name=\"4\"> </a></td><td>Resource</td><td>A logical object related to the event.  (Deprecated).</td></tr><tr><td>5<a name=\"5\"> </a></td><td>Master file</td><td>This is any configurable file used to control creation of documents.  Examples include the objects maintained by the HL7 Master File transactions, Value Sets, etc.</td></tr><tr><td>6<a name=\"6\"> </a></td><td>User</td><td>A human participant not otherwise identified by some other category.</td></tr><tr><td>7<a name=\"7\"> </a></td><td>List</td><td>(deprecated).</td></tr><tr><td>8<a name=\"8\"> </a></td><td>Doctor</td><td>Typically a licensed person who is providing or performing care related to the event, generally a physician.   The key distinction between doctor and practitioner is with regards to their role, not the licensing.  The doctor is the human who actually performed the work.  The practitioner is the human or organization that is responsible for the work.</td></tr><tr><td>9<a name=\"9\"> </a></td><td>Subscriber</td><td>A person or system that is being notified as part of the event.  This is relevant in situations where automated systems provide notifications to other parties when an event took place.</td></tr><tr><td>10<a name=\"10\"> </a></td><td>Guarantor</td><td>Insurance company, or any other organization who accepts responsibility for paying for the healthcare event.</td></tr><tr><td>11<a name=\"11\"> </a></td><td>Security User Entity</td><td>A person or active system object involved in the event with a security role.</td></tr><tr><td>12<a name=\"12\"> </a></td><td>Security User Group</td><td>A person or system object involved in the event with the authority to modify security roles of other objects.</td></tr><tr><td>13<a name=\"13\"> </a></td><td>Security Resource</td><td>A passive object, such as a role table, that is relevant to the event.</td></tr><tr><td>14<a name=\"14\"> </a></td><td>Security Granularity Definition</td><td>(deprecated)  Relevant to certain RBAC security methodologies.</td></tr><tr><td>15<a name=\"15\"> </a></td><td>Practitioner</td><td>Any person or organization responsible for providing care.  This encompasses all forms of care, licensed or otherwise, and all sorts of teams and care groups. Note, the distinction between practitioners and the doctor that actually provided the care to the patient.</td></tr><tr><td>16<a name=\"16\"> </a></td><td>Data Destination</td><td>The source or destination for data transfer, when it does not match some other role.</td></tr><tr><td>17<a name=\"17\"> </a></td><td>Data Repository</td><td>A source or destination for data transfer, that acts as an archive, database, or similar role.</td></tr><tr><td>18<a name=\"18\"> </a></td><td>Schedule</td><td>An object that holds schedule information.  This could be an appointment book, availability information, etc.</td></tr><tr><td>19<a name=\"19\"> </a></td><td>Customer</td><td>An organization or person that is the recipient of services.  This could be an organization that is buying services for a patient, or a person that is buying services for an animal.</td></tr><tr><td>20<a name=\"20\"> </a></td><td>Job</td><td>An order, task, work item, procedure step, or other description of work to be performed.  E.g., a particular instance of an MPPS.</td></tr><tr><td>21<a name=\"21\"> </a></td><td>Job Stream</td><td>A list of jobs or a system that provides lists of jobs.  E.g., an MWL SCP.</td></tr><tr><td>22<a name=\"22\"> </a></td><td>Table</td><td>(Deprecated).</td></tr><tr><td>23<a name=\"23\"> </a></td><td>Routing Criteria</td><td>An object that specifies or controls the routing or delivery of items.  For example, a distribution list is the routing criteria for mail.  The items delivered may be documents, jobs, or other objects.</td></tr><tr><td>24<a name=\"24\"> </a></td><td>Query</td><td>The contents of a query.  This is used to capture the contents of any kind of query.  For security surveillance purposes knowing the queries being made is very important.</td></tr></table></div>"
  },
  "identifier": "http://hl7.org/fhir/vs/object-role",
  "name": "SecurityEventObjectRole",
  "publisher": "HL7 (FHIR Project)",
  "telecom": [
    {
      "system": "url",
      "value": "http://hl7.org/fhir"
    },
    {
      "system": "email",
      "value": "fhir@lists.hl7.org"
    }
  ],
  "description": "Code representing the functional application role of Participant Object being audited",
  "status": "draft",
  "date": "2014-04-15T02:00:40.033-00:00",
  "define": {
    "system": "http://hl7.org/fhir/object-role",
    "caseSensitive": true,
    "concept": [
      {
        "code": "1",
        "display": "Patient",
        "definition": "This object is the patient that is the subject of care related to this event.  It is identifiable by patient ID or equivalent.  The patient may be either human or animal."
      },
      {
        "code": "2",
        "display": "Location",
        "definition": "This is a location identified as related to the event.  This is usually the location where the event took place.  Note that for shipping, the usual events are arrival at a location or departure from a location."
      },
      {
        "code": "3",
        "display": "Report",
        "definition": "This object is any kind of persistent document created as a result of the event.  This could be a paper report, film, electronic report, DICOM Study, etc.  Issues related to medical records life cycle management are conveyed elsewhere."
      },
      {
        "code": "4",
        "display": "Resource",
        "definition": "A logical object related to the event.  (Deprecated)."
      },
      {
        "code": "5",
        "display": "Master file",
        "definition": "This is any configurable file used to control creation of documents.  Examples include the objects maintained by the HL7 Master File transactions, Value Sets, etc."
      },
      {
        "code": "6",
        "display": "User",
        "definition": "A human participant not otherwise identified by some other category."
      },
      {
        "code": "7",
        "display": "List",
        "definition": "(deprecated)."
      },
      {
        "code": "8",
        "display": "Doctor",
        "definition": "Typically a licensed person who is providing or performing care related to the event, generally a physician.   The key distinction between doctor and practitioner is with regards to their role, not the licensing.  The doctor is the human who actually performed the work.  The practitioner is the human or organization that is responsible for the work."
      },
      {
        "code": "9",
        "display": "Subscriber",
        "definition": "A person or system that is being notified as part of the event.  This is relevant in situations where automated systems provide notifications to other parties when an event took place."
      },
      {
        "code": "10",
        "display": "Guarantor",
        "definition": "Insurance company, or any other organization who accepts responsibility for paying for the healthcare event."
      },
      {
        "code": "11",
        "display": "Security User Entity",
        "definition": "A person or active system object involved in the event with a security role."
      },
      {
        "code": "12",
        "display": "Security User Group",
        "definition": "A person or system object involved in the event with the authority to modify security roles of other objects."
      },
      {
        "code": "13",
        "display": "Security Resource",
        "definition": "A passive object, such as a role table, that is relevant to the event."
      },
      {
        "code": "14",
        "display": "Security Granularity Definition",
        "definition": "(deprecated)  Relevant to certain RBAC security methodologies."
      },
      {
        "code": "15",
        "display": "Practitioner",
        "definition": "Any person or organization responsible for providing care.  This encompasses all forms of care, licensed or otherwise, and all sorts of teams and care groups. Note, the distinction between practitioners and the doctor that actually provided the care to the patient."
      },
      {
        "code": "16",
        "display": "Data Destination",
        "definition": "The source or destination for data transfer, when it does not match some other role."
      },
      {
        "code": "17",
        "display": "Data Repository",
        "definition": "A source or destination for data transfer, that acts as an archive, database, or similar role."
      },
      {
        "code": "18",
        "display": "Schedule",
        "definition": "An object that holds schedule information.  This could be an appointment book, availability information, etc."
      },
      {
        "code": "19",
        "display": "Customer",
        "definition": "An organization or person that is the recipient of services.  This could be an organization that is buying services for a patient, or a person that is buying services for an animal."
      },
      {
        "code": "20",
        "display": "Job",
        "definition": "An order, task, work item, procedure step, or other description of work to be performed.  E.g., a particular instance of an MPPS."
      },
      {
        "code": "21",
        "display": "Job Stream",
        "definition": "A list of jobs or a system that provides lists of jobs.  E.g., an MWL SCP."
      },
      {
        "code": "22",
        "display": "Table",
        "definition": "(Deprecated)."
      },
      {
        "code": "23",
        "display": "Routing Criteria",
        "definition": "An object that specifies or controls the routing or delivery of items.  For example, a distribution list is the routing criteria for mail.  The items delivered may be documents, jobs, or other objects."
      },
      {
        "code": "24",
        "display": "Query",
        "definition": "The contents of a query.  This is used to capture the contents of any kind of query.  For security surveillance purposes knowing the queries being made is very important."
      }
    ]
  }
}