{
  "resourceType": "ValueSet",
  "text": {
    "status": "generated",
    "div": "<div><h2>AppointmentStatus</h2><p>The free/busy status of an appointment</p><p>This value set defines its own terms in the system http://hl7.org/fhir/appointmentstatus</p><table><tr><td><b>Code</b></td><td><b>Display</b></td><td><b>Definition</b></td></tr><tr><td>busy<a name=\"busy\"> </a></td><td/><td>The participant(s) will be unavailable during this appointment.</td></tr><tr><td>free<a name=\"free\"> </a></td><td/><td>The participant(s) will still be available during this appointment.</td></tr><tr><td>tentative<a name=\"tentative\"> </a></td><td/><td>This appointment has not been confirmed, and may become available.</td></tr><tr><td>outofoffice<a name=\"outofoffice\"> </a></td><td/><td>The participant(s) will not be at the usual location.</td></tr></table></div>"
  },
  "identifier": "http://hl7.org/fhir/vs/appointmentstatus",
  "name": "AppointmentStatus",
  "publisher": "HL7 (FHIR Project)",
  "telecom": [
    {
      "system": "url",
      "value": "http://hl7.org/fhir"
    },
    {
      "system": "email",
      "value": "fhir@lists.hl7.org"
    }
  ],
  "description": "The free/busy status of an appointment",
  "status": "draft",
  "date": "2014-04-15T12:51:59.833-00:00",
  "define": {
    "system": "http://hl7.org/fhir/appointmentstatus",
    "caseSensitive": true,
    "concept": [
      {
        "code": "busy",
        "definition": "The participant(s) will be unavailable during this appointment."
      },
      {
        "code": "free",
        "definition": "The participant(s) will still be available during this appointment."
      },
      {
        "code": "tentative",
        "definition": "This appointment has not been confirmed, and may become available."
      },
      {
        "code": "outofoffice",
        "definition": "The participant(s) will not be at the usual location."
      }
    ]
  }
}