<?xml version="1.0" encoding="UTF-8"?>

<ValueSet xmlns="http://hl7.org/fhir">
  <text>
    <status value="generated"/>
    <div xmlns="http://www.w3.org/1999/xhtml">
      <h2>Encounter Reason Codes</h2>
      <p>This examples value set defines the set of codes that can be used to indicate reasons for an encounter</p>
      <p>This value set includes codes defined in other code systems, using the following rules:</p>
      <ul>
        <li>Include codes from http://snomed.info/sct where concept  is-a  404684003</li>
        <li>Include codes from http://snomed.info/sct where concept  is-a  71388002</li>
      </ul>
    </div>
  </text>
  <identifier value="http://hl7.org/fhir/vs/encounter-reason"/>
  <name value="Encounter Reason Codes"/>
  <publisher value="FHIR Project team"/>
  <telecom>
    <system value="url"/>
    <value value="http://hl7.org/fhir"/>
  </telecom>
  <description value="This examples value set defines the set of codes that can be used to indicate reasons for an encounter"/>
  <status value="draft"/>
  <compose>
    <include>
      <system value="http://snomed.info/sct"/>
      <filter>
        <property value="concept"/>
        <op value="is-a"/>
        <value value="404684003"/>
      </filter>
    </include>
    <include>
      <system value="http://snomed.info/sct"/>
      <filter>
        <property value="concept"/>
        <op value="is-a"/>
        <value value="71388002"/>
      </filter>
    </include>
  </compose>
</ValueSet>