<?xml version="1.0" encoding="UTF-8"?>

<ValueSet xmlns="http://hl7.org/fhir">
  <text>
    <status value="generated"/>
    <div xmlns="http://www.w3.org/1999/xhtml">
      <h2>XDS Connect-a-thon healthcareFacilityTypeCodes</h2>
      <p>Example Connectathon Codes from http://ihexds.nist.gov:12080/xdsref/codes/codes.xml, with substantial corrections applied</p>
      <p>This value set defines its own terms in the system urn:uuid:f0306f51-975f-434e-a61c-c59651d33983</p>
      <table>
        <tr>
          <td>
            <b>Code</b>
          </td>
          <td>
            <b>Display</b>
          </td>
          <td>
            <b>Definition</b>
          </td>
        </tr>
        <tr>
          <td>Laboratory Report
            <a name="LaboratoryReport"> </a>
          </td>
          <td>Laboratory Report</td>
          <td/>
        </tr>
      </table>
      <p>In addition, this value set includes codes defined in other code systems, using the following rules:</p>
      <ul>
        <li>Include these codes as defined in http://loinc.org
          <table>
            <tr>
              <td>
                <b>Code</b>
              </td>
              <td>
                <b>Display</b>
              </td>
              <td>
                <b>Definition</b>
              </td>
            </tr>
            <tr>
              <td>34096-8</td>
              <td>Nursing facility Comprehensive history and physical note</td>
              <td/>
            </tr>
            <tr>
              <td>34121-4</td>
              <td>Interventional procedure note</td>
              <td/>
            </tr>
            <tr>
              <td>18743-5</td>
              <td>Autopsy report</td>
              <td/>
            </tr>
            <tr>
              <td>34095-0</td>
              <td>Comprehensive history and physical note</td>
              <td/>
            </tr>
            <tr>
              <td>34098-4</td>
              <td>Conference evaluation note</td>
              <td/>
            </tr>
            <tr>
              <td>11488-4</td>
              <td>Consult note</td>
              <td/>
            </tr>
            <tr>
              <td>28574-2</td>
              <td>Discharge note</td>
              <td/>
            </tr>
            <tr>
              <td>18842-5</td>
              <td>Discharge summary</td>
              <td/>
            </tr>
            <tr>
              <td>34109-9</td>
              <td>Note</td>
              <td/>
            </tr>
            <tr>
              <td>34117-2</td>
              <td>History and physical note</td>
              <td/>
            </tr>
            <tr>
              <td>28636-9</td>
              <td>Provider-unspecified Initial assessment</td>
              <td/>
            </tr>
            <tr>
              <td>28570-0</td>
              <td>Provider-unspecified Procedure note</td>
              <td/>
            </tr>
            <tr>
              <td>11506-3</td>
              <td>Provider-unspecified Progress note</td>
              <td/>
            </tr>
            <tr>
              <td>34133-9</td>
              <td>Summarization of episode note</td>
              <td/>
            </tr>
            <tr>
              <td>11504-8</td>
              <td>Provider-unspecified Operation note</td>
              <td/>
            </tr>
            <tr>
              <td>34138-8</td>
              <td>Targeted history and physical note</td>
              <td/>
            </tr>
            <tr>
              <td>34140-4</td>
              <td>Transfer of care referral note</td>
              <td/>
            </tr>
            <tr>
              <td>18761-7</td>
              <td>Provider-unspecified Transfer summary</td>
              <td/>
            </tr>
            <tr>
              <td>34100-8</td>
              <td>Intensive care unit Consult note</td>
              <td/>
            </tr>
            <tr>
              <td>34126-3</td>
              <td>Intensive care unit Progress note</td>
              <td/>
            </tr>
            <tr>
              <td>34111-5</td>
              <td>Emergency department Note</td>
              <td/>
            </tr>
            <tr>
              <td>15507-7</td>
              <td>Provider-unspecified ED Progress note</td>
              <td/>
            </tr>
            <tr>
              <td>34107-3</td>
              <td>Home health Education note</td>
              <td/>
            </tr>
            <tr>
              <td>34118-0</td>
              <td>Home health Initial assessment</td>
              <td/>
            </tr>
            <tr>
              <td>34129-7</td>
              <td>Home health Progress note</td>
              <td/>
            </tr>
            <tr>
              <td>34104-0</td>
              <td>Hospital Consult note</td>
              <td/>
            </tr>
            <tr>
              <td>34105-7</td>
              <td>Hospital Discharge summary</td>
              <td/>
            </tr>
            <tr>
              <td>34114-9</td>
              <td>Hospital Group counseling note</td>
              <td/>
            </tr>
            <tr>
              <td>11492-6</td>
              <td>Provider-unspecifed, History and physical note</td>
              <td/>
            </tr>
            <tr>
              <td>34130-5</td>
              <td>Hospital Progress note</td>
              <td/>
            </tr>
            <tr>
              <td>34112-3</td>
              <td>Hospital Note</td>
              <td/>
            </tr>
            <tr>
              <td>34097-6</td>
              <td>Nursing facility Conference evaluation note</td>
              <td/>
            </tr>
            <tr>
              <td>34113-1</td>
              <td>Nursing facility Note</td>
              <td/>
            </tr>
            <tr>
              <td>34119-8</td>
              <td>Nursing facility Initial assessment</td>
              <td/>
            </tr>
            <tr>
              <td>24611-6</td>
              <td>Outpatient Consultation 2nd opinion</td>
              <td/>
            </tr>
            <tr>
              <td>34108-1</td>
              <td>Outpatient Note</td>
              <td/>
            </tr>
            <tr>
              <td>34120-6</td>
              <td>Outpatient Initial assessment</td>
              <td/>
            </tr>
            <tr>
              <td>34131-3</td>
              <td>Outpatient Progress note</td>
              <td/>
            </tr>
            <tr>
              <td>34137-0</td>
              <td>Outpatient Surgical operation note</td>
              <td/>
            </tr>
            <tr>
              <td>34123-0</td>
              <td>Anesthesiology Hospital Pre-operative evaluation and management note</td>
              <td/>
            </tr>
            <tr>
              <td>28655-9</td>
              <td>Physician attending Discharge summary</td>
              <td/>
            </tr>
            <tr>
              <td>28654-2</td>
              <td>Physician attending Initial assessment</td>
              <td/>
            </tr>
            <tr>
              <td>18733-6</td>
              <td>Physician attending Progress note</td>
              <td/>
            </tr>
            <tr>
              <td>34134-7</td>
              <td>Physician attending Outpatient Supervisory note</td>
              <td/>
            </tr>
            <tr>
              <td>34135-4</td>
              <td>Physician attending.cardiology Outpatient Supervisory note</td>
              <td/>
            </tr>
            <tr>
              <td>34136-2</td>
              <td>Physician attending.gastroenterology Outpatient Supervisory note</td>
              <td/>
            </tr>
            <tr>
              <td>34099-2</td>
              <td>Cardiovascular disease Consult note</td>
              <td/>
            </tr>
            <tr>
              <td>34094-3</td>
              <td>Cardiovascular disease Hospital Admission history and physical note</td>
              <td/>
            </tr>
            <tr>
              <td>34124-8</td>
              <td>Cardiovascular disease Outpatient Progress note</td>
              <td/>
            </tr>
            <tr>
              <td>34125-5</td>
              <td>Case manager Home health care Progress note</td>
              <td/>
            </tr>
            <tr>
              <td>28581-7</td>
              <td>Chiropractor Initial assessment</td>
              <td/>
            </tr>
            <tr>
              <td>18762-5</td>
              <td>Deprecated Chiropractor Progress note</td>
              <td/>
            </tr>
            <tr>
              <td>18763-3</td>
              <td>Physician consulting Initial assessment</td>
              <td/>
            </tr>
            <tr>
              <td>28569-2</td>
              <td>Physician consulting Progress note</td>
              <td/>
            </tr>
            <tr>
              <td>34127-1</td>
              <td>Dentistry.hygienist Outpatient Progress note</td>
              <td/>
            </tr>
            <tr>
              <td>29761-4</td>
              <td>Dentist Discharge summary</td>
              <td/>
            </tr>
            <tr>
              <td>28572-6</td>
              <td>Dentist Initial assessment</td>
              <td/>
            </tr>
            <tr>
              <td>28577-5</td>
              <td>Dentist procedure note</td>
              <td/>
            </tr>
            <tr>
              <td>28617-9</td>
              <td>Dentistry Progress note</td>
              <td/>
            </tr>
            <tr>
              <td>28583-3</td>
              <td>Dentist Operation note</td>
              <td/>
            </tr>
            <tr>
              <td>28618-7</td>
              <td>Dentistry Note</td>
              <td/>
            </tr>
            <tr>
              <td>34128-9</td>
              <td>Dentistry Outpatient Progress note</td>
              <td/>
            </tr>
            <tr>
              <td>34110-7</td>
              <td>Diabetology Outpatient Note</td>
              <td/>
            </tr>
            <tr>
              <td>18748-4</td>
              <td>Diagnostic imaging study</td>
              <td/>
            </tr>
            <tr>
              <td>34101-6</td>
              <td>General medicine Outpatient Consult note</td>
              <td/>
            </tr>
            <tr>
              <td>34115-6</td>
              <td>Medical student Hospital History and physical note</td>
              <td/>
            </tr>
            <tr>
              <td>28621-1</td>
              <td>Nurse practitioner Initial assessment</td>
              <td/>
            </tr>
            <tr>
              <td>18764-1</td>
              <td>Deprecated Nurse practitioner Progress note</td>
              <td/>
            </tr>
            <tr>
              <td>28622-9</td>
              <td>Nurse Discharge assessment</td>
              <td/>
            </tr>
            <tr>
              <td>29753-1</td>
              <td>Nurse Initial assessment</td>
              <td/>
            </tr>
            <tr>
              <td>28623-7</td>
              <td>Nursing Progress note</td>
              <td/>
            </tr>
            <tr>
              <td>34139-6</td>
              <td>Nursing Telephone encounter Note</td>
              <td/>
            </tr>
            <tr>
              <td>28651-8</td>
              <td>Nurse Transfer note</td>
              <td/>
            </tr>
            <tr>
              <td>18734-4</td>
              <td>Occupational therapy Initial assessment</td>
              <td/>
            </tr>
            <tr>
              <td>11507-1</td>
              <td>Occupational therapy Progress note</td>
              <td/>
            </tr>
            <tr>
              <td>34122-2</td>
              <td>Pathology procedure note</td>
              <td/>
            </tr>
            <tr>
              <td>34132-1</td>
              <td>Pharmacy Outpatient Progress note</td>
              <td/>
            </tr>
            <tr>
              <td>18735-1</td>
              <td>Physical therapy Initial assessment</td>
              <td/>
            </tr>
            <tr>
              <td>11508-9</td>
              <td>Physical therapy Progress note</td>
              <td/>
            </tr>
            <tr>
              <td>28579-1</td>
              <td>Physical therapy Note</td>
              <td/>
            </tr>
            <tr>
              <td>11490-0</td>
              <td>Physician Discharge summary</td>
              <td/>
            </tr>
            <tr>
              <td>28626-0</td>
              <td>Physician History and physical note</td>
              <td/>
            </tr>
            <tr>
              <td>18736-9</td>
              <td>Physician Initial assessment</td>
              <td/>
            </tr>
            <tr>
              <td>11505-5</td>
              <td>Physician procedure note</td>
              <td/>
            </tr>
            <tr>
              <td>28573-4</td>
              <td>Physician, Operation note</td>
              <td/>
            </tr>
            <tr>
              <td>28616-1</td>
              <td>Physician Transfer note</td>
              <td/>
            </tr>
            <tr>
              <td>28568-4</td>
              <td>Physician Emergency department Note</td>
              <td/>
            </tr>
            <tr>
              <td>34106-5</td>
              <td>Physician Hospital Discharge summary</td>
              <td/>
            </tr>
            <tr>
              <td>34116-4</td>
              <td>Physician Nursing facility History and physical note</td>
              <td/>
            </tr>
            <tr>
              <td>18737-7</td>
              <td>Podiatry Initial assessment</td>
              <td/>
            </tr>
            <tr>
              <td>28625-2</td>
              <td>Podiatry procedure note</td>
              <td/>
            </tr>
            <tr>
              <td>11509-7</td>
              <td>Podiatry Progress note</td>
              <td/>
            </tr>
            <tr>
              <td>28624-5</td>
              <td>Podiatry Operation note</td>
              <td/>
            </tr>
            <tr>
              <td>28635-1</td>
              <td>Psychiatry Initial assessment</td>
              <td/>
            </tr>
            <tr>
              <td>28627-8</td>
              <td>Psychiatry Progress note</td>
              <td/>
            </tr>
            <tr>
              <td>34102-4</td>
              <td>Psychiatry Hospital Consult note</td>
              <td/>
            </tr>
            <tr>
              <td>18738-5</td>
              <td>Psychology Initial assessment</td>
              <td/>
            </tr>
            <tr>
              <td>11510-5</td>
              <td>Psychology Progress note</td>
              <td/>
            </tr>
            <tr>
              <td>34103-2</td>
              <td>Pulmonary Consult note</td>
              <td/>
            </tr>
            <tr>
              <td>18739-3</td>
              <td>Social service Initial assessment</td>
              <td/>
            </tr>
            <tr>
              <td>28656-7</td>
              <td>Social service Progress note</td>
              <td/>
            </tr>
            <tr>
              <td>28653-4</td>
              <td>Social work Note</td>
              <td/>
            </tr>
            <tr>
              <td>18740-1</td>
              <td>Speech therapy Initial assessment</td>
              <td/>
            </tr>
            <tr>
              <td>11512-1</td>
              <td>Speech therapy Progress note</td>
              <td/>
            </tr>
            <tr>
              <td>54138-3</td>
              <td>Name family member</td>
              <td/>
            </tr>
            <tr>
              <td>34133-9</td>
              <td>Summarization of episode note</td>
              <td/>
            </tr>
            <tr>
              <td>18717-9</td>
              <td>Blood bank studies (set)</td>
              <td/>
            </tr>
            <tr>
              <td>18718-7</td>
              <td>Cell marker studies (set)</td>
              <td/>
            </tr>
            <tr>
              <td>18719-5</td>
              <td>Chemistry studies (set)</td>
              <td/>
            </tr>
            <tr>
              <td>18722-9</td>
              <td>Fertility studies (set)</td>
              <td/>
            </tr>
            <tr>
              <td>18723-7</td>
              <td>Hematology studies (set)</td>
              <td/>
            </tr>
            <tr>
              <td>18724-5</td>
              <td>HLA studies (set)</td>
              <td/>
            </tr>
            <tr>
              <td>18725-2</td>
              <td>Microbiology studies (set)</td>
              <td/>
            </tr>
            <tr>
              <td>18727-8</td>
              <td>Serology studies (set)</td>
              <td/>
            </tr>
            <tr>
              <td>18767-4</td>
              <td>Blood gas studies (set)</td>
              <td/>
            </tr>
            <tr>
              <td>18768-2</td>
              <td>Cell counts+Differential studies (set)</td>
              <td/>
            </tr>
            <tr>
              <td>26435-8</td>
              <td>Molecular pathology studies (set)</td>
              <td/>
            </tr>
            <tr>
              <td>26436-6</td>
              <td>Laboratory studies (set)</td>
              <td/>
            </tr>
            <tr>
              <td>26437-4</td>
              <td>Chemistry challenge studies (set)</td>
              <td/>
            </tr>
            <tr>
              <td>26438-2</td>
              <td>Cytology studies (set)</td>
              <td/>
            </tr>
            <tr>
              <td>11502-2</td>
              <td>Laboratory report</td>
              <td/>
            </tr>
          </table>
        </li>
      </ul>
    </div>
  </text>
  <identifier value="http://hl7.org/fhir/vs/xds-typecodes"/>
  <name value="XDS Connect-a-thon healthcareFacilityTypeCodes"/>
  <publisher value="IHE"/>
  <telecom>
    <system value="url"/>
    <value value="http://ihe.net"/>
  </telecom>
  <description value="Example Connectathon Codes from http://ihexds.nist.gov:12080/xdsref/codes/codes.xml, with substantial corrections applied"/>
  <status value="draft"/>
  <define>
    <system value="urn:uuid:f0306f51-975f-434e-a61c-c59651d33983"/>
    <concept>
      <code value="Laboratory Report"/>
      <display value="Laboratory Report"/>
    </concept>
  </define>
  <compose>
    <include>
      <system value="http://loinc.org"/>
      <code value="34096-8"/>
      <code value="34121-4"/>
      <code value="18743-5"/>
      <code value="34095-0"/>
      <code value="34098-4"/>
      <code value="11488-4"/>
      <code value="28574-2"/>
      <code value="18842-5"/>
      <code value="34109-9"/>
      <code value="34117-2"/>
      <code value="28636-9"/>
      <code value="28570-0"/>
      <code value="11506-3"/>
      <code value="34133-9"/>
      <code value="11504-8"/>
      <code value="34138-8"/>
      <code value="34140-4"/>
      <code value="18761-7"/>
      <code value="34100-8"/>
      <code value="34126-3"/>
      <code value="34111-5"/>
      <code value="15507-7"/>
      <code value="34107-3"/>
      <code value="34118-0"/>
      <code value="34129-7"/>
      <code value="34104-0"/>
      <code value="34105-7"/>
      <code value="34114-9"/>
      <code value="11492-6"/>
      <code value="34130-5"/>
      <code value="34112-3"/>
      <code value="34097-6"/>
      <code value="34113-1"/>
      <code value="34119-8"/>
      <code value="24611-6"/>
      <code value="34108-1"/>
      <code value="34120-6"/>
      <code value="34131-3"/>
      <code value="34137-0"/>
      <code value="34123-0"/>
      <code value="28655-9"/>
      <code value="28654-2"/>
      <code value="18733-6"/>
      <code value="34134-7"/>
      <code value="34135-4"/>
      <code value="34136-2"/>
      <code value="34099-2"/>
      <code value="34094-3"/>
      <code value="34124-8"/>
      <code value="34125-5"/>
      <code value="28581-7"/>
      <code value="18762-5"/>
      <code value="18763-3"/>
      <code value="28569-2"/>
      <code value="34127-1"/>
      <code value="29761-4"/>
      <code value="28572-6"/>
      <code value="28577-5"/>
      <code value="28617-9"/>
      <code value="28583-3"/>
      <code value="28618-7"/>
      <code value="34128-9"/>
      <code value="34110-7"/>
      <code value="18748-4"/>
      <code value="34101-6"/>
      <code value="34115-6"/>
      <code value="28621-1"/>
      <code value="18764-1"/>
      <code value="28622-9"/>
      <code value="29753-1"/>
      <code value="28623-7"/>
      <code value="34139-6"/>
      <code value="28651-8"/>
      <code value="18734-4"/>
      <code value="11507-1"/>
      <code value="34122-2"/>
      <code value="34132-1"/>
      <code value="18735-1"/>
      <code value="11508-9"/>
      <code value="28579-1"/>
      <code value="11490-0"/>
      <code value="28626-0"/>
      <code value="18736-9"/>
      <code value="11505-5"/>
      <code value="28573-4"/>
      <code value="28616-1"/>
      <code value="28568-4"/>
      <code value="34106-5"/>
      <code value="34116-4"/>
      <code value="18737-7"/>
      <code value="28625-2"/>
      <code value="11509-7"/>
      <code value="28624-5"/>
      <code value="28635-1"/>
      <code value="28627-8"/>
      <code value="34102-4"/>
      <code value="18738-5"/>
      <code value="11510-5"/>
      <code value="34103-2"/>
      <code value="18739-3"/>
      <code value="28656-7"/>
      <code value="28653-4"/>
      <code value="18740-1"/>
      <code value="11512-1"/>
      <code value="54138-3"/>
      <code value="34133-9"/>
      <code value="18717-9"/>
      <code value="18718-7"/>
      <code value="18719-5"/>
      <code value="18722-9"/>
      <code value="18723-7"/>
      <code value="18724-5"/>
      <code value="18725-2"/>
      <code value="18727-8"/>
      <code value="18767-4"/>
      <code value="18768-2"/>
      <code value="26435-8"/>
      <code value="26436-6"/>
      <code value="26437-4"/>
      <code value="26438-2"/>
      <code value="11502-2"/>
    </include>
  </compose>
</ValueSet>