{
  "resourceType": "ValueSet",
  "text": {
    "status": "generated",
    "div": "<div><h2>SecurityEventObjectType</h2><p>Code for the participant object type being audited</p><p>This value set defines its own terms in the system http://hl7.org/fhir/object-type</p><table><tr><td><b>Code</b></td><td><b>Display</b></td><td><b>Definition</b></td></tr><tr><td>1<a name=\"1\"> </a></td><td/><td>Person.</td></tr><tr><td>2<a name=\"2\"> </a></td><td/><td>System Object.</td></tr><tr><td>3<a name=\"3\"> </a></td><td/><td>Organization.</td></tr><tr><td>4<a name=\"4\"> </a></td><td/><td>Other.</td></tr></table></div>"
  },
  "identifier": "http://hl7.org/fhir/vs/object-type",
  "name": "SecurityEventObjectType",
  "publisher": "HL7 (FHIR Project)",
  "telecom": [
    {
      "system": "url",
      "value": "http://hl7.org/fhir"
    },
    {
      "system": "email",
      "value": "fhir@lists.hl7.org"
    }
  ],
  "description": "Code for the participant object type being audited",
  "status": "draft",
  "date": "2014-04-15T06:55:42.485-00:00",
  "define": {
    "system": "http://hl7.org/fhir/object-type",
    "caseSensitive": true,
    "concept": [
      {
        "code": "1",
        "definition": "Person."
      },
      {
        "code": "2",
        "definition": "System Object."
      },
      {
        "code": "3",
        "definition": "Organization."
      },
      {
        "code": "4",
        "definition": "Other."
      }
    ]
  }
}