<?xml version="1.0" encoding="UTF-8"?>

<ValueSet xmlns="http://hl7.org/fhir">
  <text>
    <status value="generated"/>
    <div xmlns="http://www.w3.org/1999/xhtml">
      This value set includes all LOINC codes in the &quot;Clinical&quot; or &quot;Lab&quot; class types (TODO: narrow this further - diagnostic codes, panels only)
    
      <hr/>
      <h2>LOINC Diagnostic Order Codes</h2>
      <p>This value set includes all the LOINC Order codes</p>
      <p>This value set includes codes defined in other code systems, using the following rules:</p>
      <ul>
        <li>Include codes from http://loinc.org where ORDER_OBS  =  Order</li>
        <li>Include codes from http://loinc.org where ORDER_OBS  =  Both</li>
      </ul>
    </div>
  </text>
  <identifier value="http://hl7.org/fhir/vs/diagnostic-requests"/>
  <name value="LOINC Diagnostic Order Codes"/>
  <publisher value="FHIR Project team"/>
  <telecom>
    <system value="url"/>
    <value value="http://hl7.org/fhir"/>
  </telecom>
  <description value="This value set includes all the LOINC Order codes"/>
  <status value="draft"/>
  <compose>
    <include>
      <system value="http://loinc.org"/>
      <filter>
        <property value="ORDER_OBS"/>
        <op value="="/>
        <value value="Order"/>
      </filter>
    </include>
    <include>
      <system value="http://loinc.org"/>
      <filter>
        <property value="ORDER_OBS"/>
        <op value="="/>
        <value value="Both"/>
      </filter>
    </include>
  </compose>
</ValueSet>