<?xml version="1.0" encoding="UTF-8"?>

<ValueSet xmlns="http://hl7.org/fhir">
  <text>
    <status value="generated"/>
    <div xmlns="http://www.w3.org/1999/xhtml">
      <h2>Vaccination Protocol Dose Status codes</h2>
      <p>The value set to instantiate this attribute should be drawn from a terminologically robust code system that consists of or          contains concepts to support the medication process, in particular the process and reasons for dispensing. This value set is provided as a suggestive example</p>
      <p>This value set defines its own terms in the system http://hl7.org/fhir/vaccination-protocol-dose-status</p>
      <table>
        <tr>
          <td>
            <b>Code</b>
          </td>
          <td>
            <b>Display</b>
          </td>
          <td>
            <b>Definition</b>
          </td>
        </tr>
        <tr>
          <td>count
            <a name="count"> </a>
          </td>
          <td>Counts</td>
          <td/>
        </tr>
        <tr>
          <td>nocount
            <a name="nocount"> </a>
          </td>
          <td>Does not Count</td>
          <td/>
        </tr>
      </table>
    </div>
  </text>
  <identifier value="http://hl7.org/fhir/vs/vaccination-protocol-dose-status"/>
  <name value="Vaccination Protocol Dose Status codes"/>
  <publisher value="FHIR Project team"/>
  <telecom>
    <system value="url"/>
    <value value="http://hl7.org/fhir"/>
  </telecom>
  <description value="The value set to instantiate this attribute should be drawn from a terminologically robust code system that consists of or          contains concepts to support the medication process, in particular the process and reasons for dispensing. This value set is provided as a suggestive example"/>
  <status value="draft"/>
  <define>
    <system value="http://hl7.org/fhir/vaccination-protocol-dose-status"/>
    <concept>
      <code value="count"/>
      <display value="Counts"/>
    </concept>
    <concept>
      <code value="nocount"/>
      <display value="Does not Count"/>
    </concept>
  </define>
</ValueSet>