<?xml version="1.0" encoding="UTF-8"?>

<ValueSet xmlns="http://hl7.org/fhir">
  <text>
    <status value="generated"/>
    <div xmlns="http://www.w3.org/1999/xhtml">
      <h2>QuantityCompararator</h2>
      <p>How the Quantity should be understood and represented</p>
      <p>This value set defines its own terms in the system http://hl7.org/fhir/quantity-comparator</p>
      <table>
        <tr>
          <td>
            <b>Code</b>
          </td>
          <td>
            <b>Display</b>
          </td>
          <td>
            <b>Definition</b>
          </td>
        </tr>
        <tr>
          <td>&lt;
            <a name=".60"> </a>
          </td>
          <td/>
          <td>The actual value is less than the given value.</td>
        </tr>
        <tr>
          <td>&lt;=
            <a name=".60.61"> </a>
          </td>
          <td/>
          <td>The actual value is less than or equal to the given value.</td>
        </tr>
        <tr>
          <td>&gt;=
            <a name=".62.61"> </a>
          </td>
          <td/>
          <td>The actual value is greater than or equal to the given value.</td>
        </tr>
        <tr>
          <td>&gt;
            <a name=".62"> </a>
          </td>
          <td/>
          <td>The actual value is greater than the given value.</td>
        </tr>
      </table>
    </div>
  </text>
  <identifier value="http://hl7.org/fhir/vs/quantity-comparator"/>
  <name value="QuantityCompararator"/>
  <publisher value="HL7 (FHIR Project)"/>
  <telecom>
    <system value="url"/>
    <value value="http://hl7.org/fhir"/>
  </telecom>
  <telecom>
    <system value="email"/>
    <value value="fhir@lists.hl7.org"/>
  </telecom>
  <description value="How the Quantity should be understood and represented"/>
  <status value="draft"/>
  <date value="2014-04-10T06:19:25.519-00:00"/>
  <define>
    <system value="http://hl7.org/fhir/quantity-comparator"/>
    <caseSensitive value="true"/>
    <concept>
      <code value="&lt;"/>
      <definition value="The actual value is less than the given value."/>
    </concept>
    <concept>
      <code value="&lt;="/>
      <definition value="The actual value is less than or equal to the given value."/>
    </concept>
    <concept>
      <code value="&gt;="/>
      <definition value="The actual value is greater than or equal to the given value."/>
    </concept>
    <concept>
      <code value="&gt;"/>
      <definition value="The actual value is greater than the given value."/>
    </concept>
  </define>
</ValueSet>