<?xml version="1.0" encoding="UTF-8"?>

<ValueSet xmlns="http://hl7.org/fhir">
  <text>
    <status value="generated"/>
    <div xmlns="http://www.w3.org/1999/xhtml">
      <h2>EncounterType</h2>
      <p>This example value set defines a set of codes that can be used to indicate the type     of encounter: a specific code indicating type of service provided .</p>
      <p>This value set defines its own terms in the system http://hl7.org/fhir/encounter-type</p>
      <table>
        <tr>
          <td>
            <b>Code</b>
          </td>
          <td>
            <b>Display</b>
          </td>
          <td>
            <b>Definition</b>
          </td>
        </tr>
        <tr>
          <td>ADMS
            <a name="ADMS"> </a>
          </td>
          <td>Annual diabetes mellitus screening</td>
          <td/>
        </tr>
        <tr>
          <td>BD/BM-clin
            <a name="BD.47BM-clin"> </a>
          </td>
          <td>Bone drilling/bone marrow punction in clinic</td>
          <td/>
        </tr>
        <tr>
          <td>CCS60
            <a name="CCS60"> </a>
          </td>
          <td>Infant colon screening - 60 minutes</td>
          <td/>
        </tr>
        <tr>
          <td>OKI
            <a name="OKI"> </a>
          </td>
          <td>Outpatient Kenacort injection</td>
          <td/>
        </tr>
      </table>
    </div>
  </text>
  <identifier value="http://hl7.org/fhir/vs/encounter-type"/>
  <name value="EncounterType"/>
  <publisher value="FHIR Project team"/>
  <telecom>
    <system value="url"/>
    <value value="http://hl7.org/fhir"/>
  </telecom>
  <description value="This example value set defines a set of codes that can be used to indicate the type     of encounter: a specific code indicating type of service provided ."/>
  <status value="draft"/>
  <define>
    <system value="http://hl7.org/fhir/encounter-type"/>
    <caseSensitive value="true"/>
    <concept>
      <code value="ADMS"/>
      <display value="Annual diabetes mellitus screening"/>
    </concept>
    <concept>
      <code value="BD/BM-clin"/>
      <display value="Bone drilling/bone marrow punction in clinic"/>
    </concept>
    <concept>
      <code value="CCS60"/>
      <display value="Infant colon screening - 60 minutes"/>
    </concept>
    <concept>
      <code value="OKI"/>
      <display value="Outpatient Kenacort injection"/>
    </concept>
  </define>
</ValueSet>