<?xml version="1.0" encoding="UTF-8"?>

<ValueSet xmlns="http://hl7.org/fhir">
  <text>
    <status value="generated"/>
    <div xmlns="http://www.w3.org/1999/xhtml">
      <h2>EntityNamePartQualifier</h2>
      <p>A set of codes each of which specifies a certain subcategory of the name part in addition to the main name part type</p>
      <p>This value set includes codes defined in other code systems, using the following rules:</p>
      <ul>
        <li>Include these codes as defined in http://hl7.org/fhir/v3/EntityNamePartQualifier2
          <table>
            <tr>
              <td>
                <b>Code</b>
              </td>
              <td>
                <b>Display</b>
              </td>
              <td>
                <b>Definition</b>
              </td>
            </tr>
            <tr>
              <td>LS</td>
              <td/>
              <td>For organizations a suffix indicating the legal status, e.g., Inc., &quot;Co.&quot;, &quot;AG&quot;, &quot;GmbH&quot;, &quot;B.V.&quot; &quot;S.A.&quot;, &quot;Ltd.&quot; Etc.</td>
            </tr>
            <tr>
              <td>AC</td>
              <td/>
              <td>Indicates that a prefix like &quot;Dr.&quot; or a suffix like &quot;M.D.&quot; or &quot;Ph.D.&quot; is an academic title.</td>
            </tr>
            <tr>
              <td>NB</td>
              <td/>
              <td>In Europe and Asia, there are still people with nobility titles (aristocrats). German &quot;von&quot; is generally a nobility title, not a mere voorvoegsel. Others are &quot;Earl of&quot; or &quot;His Majesty King of...&quot; etc. Rarely used nowadays, but some systems do keep 
track of this.</td>
            </tr>
            <tr>
              <td>PR</td>
              <td/>
              <td>Primarily in the British Imperial culture people tend to have an abbreviation of their professional organization as part of their credential suffices.</td>
            </tr>
            <tr>
              <td>HON</td>
              <td/>
              <td>An honorific such as &quot;The Right Honourable&quot; or &quot;Weledelgeleerde Heer&quot;.</td>
            </tr>
            <tr>
              <td>BR</td>
              <td/>
              <td>A name that a person was given at birth or established as a consequence of adoption. NOTE: This is not used for temporary names assigned at birth such as &#39;Baby of Smith&#39; – which is just a name with a use code of TEMP.</td>
            </tr>
            <tr>
              <td>AD</td>
              <td/>
              <td>A name part a person acquired. The name part may be acquired by adoption, or the person may have chosen to use the name part for some other reason. NOTE  This differs from an other/psuedonym/alias in that an acquired name part is acquired on a formal basis rather than an informal one (e.g. registered as part of the official name).</td>
            </tr>
            <tr>
              <td>SP</td>
              <td/>
              <td>The name assumed from the partner in a marital relationship. Usually the spouse‘s family name. No inference about gender may be made from the existence of spouse names.</td>
            </tr>
            <tr>
              <td>MID</td>
              <td/>
              <td>Indicates that the name part is a middle name. In general, the  English  &quot;middle name&quot;  concept is all of the given names after the first. This qualifier may be used to explicitly indicate which given names are considered to be middle names. The middle name qualifier may also be used with family names. This is a Scandinavian use case, matching the concept of &quot;mellomnavn&quot;/&quot;mellannamn&quot;. There are specific rules that indicate what names may be taken as a mellannamnin different Scandinavian countries.</td>
            </tr>
            <tr>
              <td>CL</td>
              <td/>
              <td>Callme is used to indicate which of the various name parts is used when interacting with the person.</td>
            </tr>
            <tr>
              <td>IN</td>
              <td/>
              <td>Indicates that a name part is just an initial. Initials do not imply a trailing period since this would not work with non-Latin scripts. Initials may consist of more than one letter, e.g., &quot;Ph.&quot; could stand for &quot;Philippe&quot; or &quot;Th.&quot; for &quot;Thomas&quot;.</td>
            </tr>
          </table>
        </li>
      </ul>
    </div>
  </text>
  <identifier value="http://hl7.org/fhir/vs/name-part-qualifier"/>
  <name value="EntityNamePartQualifier"/>
  <publisher value="HL7 (FHIR Project)"/>
  <telecom>
    <system value="url"/>
    <value value="http://hl7.org/fhir"/>
  </telecom>
  <telecom>
    <system value="email"/>
    <value value="fhir@lists.hl7.org"/>
  </telecom>
  <description value="A set of codes each of which specifies a certain subcategory of the name part in addition to the main name part type"/>
  <status value="draft"/>
  <date value="2014-04-15T12:51:59.847-00:00"/>
  <compose>
    <include>
      <system value="http://hl7.org/fhir/v3/EntityNamePartQualifier2"/>
      <code value="LS">
        <extension url="http://hl7.org/fhir/Profile/tools-extensions#definition">
          <valueString value="For organizations a suffix indicating the legal status, e.g., Inc., &quot;Co.&quot;, &quot;AG&quot;, &quot;GmbH&quot;, &quot;B.V.&quot; &quot;S.A.&quot;, &quot;Ltd.&quot; Etc."/>
        </extension>
      </code>
      <code value="AC">
        <extension url="http://hl7.org/fhir/Profile/tools-extensions#definition">
          <valueString value="Indicates that a prefix like &quot;Dr.&quot; or a suffix like &quot;M.D.&quot; or &quot;Ph.D.&quot; is an academic title."/>
        </extension>
      </code>
      <code value="NB">
        <extension url="http://hl7.org/fhir/Profile/tools-extensions#definition">
          <valueString value="In Europe and Asia, there are still people with nobility titles (aristocrats). German &quot;von&quot; is generally a nobility title, not a mere voorvoegsel. Others are &quot;Earl of&quot; or &quot;His Majesty King of...&quot; etc. Rarely used nowadays, but some systems do keep 
track of this."/>
        </extension>
      </code>
      <code value="PR">
        <extension url="http://hl7.org/fhir/Profile/tools-extensions#definition">
          <valueString value="Primarily in the British Imperial culture people tend to have an abbreviation of their professional organization as part of their credential suffices."/>
        </extension>
      </code>
      <code value="HON">
        <extension url="http://hl7.org/fhir/Profile/tools-extensions#definition">
          <valueString value="An honorific such as &quot;The Right Honourable&quot; or &quot;Weledelgeleerde Heer&quot;."/>
        </extension>
      </code>
      <code value="BR">
        <extension url="http://hl7.org/fhir/Profile/tools-extensions#definition">
          <valueString value="A name that a person was given at birth or established as a consequence of adoption. NOTE: This is not used for temporary names assigned at birth such as &#39;Baby of Smith&#39; – which is just a name with a use code of TEMP."/>
        </extension>
      </code>
      <code value="AD">
        <extension url="http://hl7.org/fhir/Profile/tools-extensions#definition">
          <valueString value="A name part a person acquired. The name part may be acquired by adoption, or the person may have chosen to use the name part for some other reason. NOTE  This differs from an other/psuedonym/alias in that an acquired name part is acquired on a formal basis rather than an informal one (e.g. registered as part of the official name)."/>
        </extension>
      </code>
      <code value="SP">
        <extension url="http://hl7.org/fhir/Profile/tools-extensions#definition">
          <valueString value="The name assumed from the partner in a marital relationship. Usually the spouse‘s family name. No inference about gender may be made from the existence of spouse names."/>
        </extension>
      </code>
      <code value="MID">
        <extension url="http://hl7.org/fhir/Profile/tools-extensions#definition">
          <valueString value="Indicates that the name part is a middle name. In general, the  English  &quot;middle name&quot;  concept is all of the given names after the first. This qualifier may be used to explicitly indicate which given names are considered to be middle names. The middle name qualifier may also be used with family names. This is a Scandinavian use case, matching the concept of &quot;mellomnavn&quot;/&quot;mellannamn&quot;. There are specific rules that indicate what names may be taken as a mellannamnin different Scandinavian countries."/>
        </extension>
      </code>
      <code value="CL">
        <extension url="http://hl7.org/fhir/Profile/tools-extensions#definition">
          <valueString value="Callme is used to indicate which of the various name parts is used when interacting with the person."/>
        </extension>
      </code>
      <code value="IN">
        <extension url="http://hl7.org/fhir/Profile/tools-extensions#definition">
          <valueString value="Indicates that a name part is just an initial. Initials do not imply a trailing period since this would not work with non-Latin scripts. Initials may consist of more than one letter, e.g., &quot;Ph.&quot; could stand for &quot;Philippe&quot; or &quot;Th.&quot; for &quot;Thomas&quot;."/>
        </extension>
      </code>
    </include>
  </compose>
</ValueSet>