<?xml version="1.0" encoding="UTF-8"?>

<ValueSet xmlns="http://hl7.org/fhir">
  <text>
    <status value="generated"/>
    <div xmlns="http://www.w3.org/1999/xhtml">
      <h2>ValueSetStatus</h2>
      <p>The lifecycle status of a Value Set or Concept Map</p>
      <p>This value set defines its own terms in the system http://hl7.org/fhir/valueset-status</p>
      <table>
        <tr>
          <td>
            <b>Code</b>
          </td>
          <td>
            <b>Display</b>
          </td>
          <td>
            <b>Definition</b>
          </td>
        </tr>
        <tr>
          <td>draft
            <a name="draft"> </a>
          </td>
          <td/>
          <td>This valueset is still under development.</td>
        </tr>
        <tr>
          <td>active
            <a name="active"> </a>
          </td>
          <td/>
          <td>This valueset is ready for normal use.</td>
        </tr>
        <tr>
          <td>retired
            <a name="retired"> </a>
          </td>
          <td/>
          <td>This valueset has been withdrawn or superceded and should no longer be used.</td>
        </tr>
      </table>
    </div>
  </text>
  <identifier value="http://hl7.org/fhir/vs/valueset-status"/>
  <name value="ValueSetStatus"/>
  <publisher value="HL7 (FHIR Project)"/>
  <telecom>
    <system value="url"/>
    <value value="http://hl7.org/fhir"/>
  </telecom>
  <telecom>
    <system value="email"/>
    <value value="fhir@lists.hl7.org"/>
  </telecom>
  <description value="The lifecycle status of a Value Set or Concept Map"/>
  <status value="draft"/>
  <date value="2014-04-15T19:53:37.090-00:00"/>
  <define>
    <system value="http://hl7.org/fhir/valueset-status"/>
    <caseSensitive value="true"/>
    <concept>
      <code value="draft"/>
      <definition value="This valueset is still under development."/>
    </concept>
    <concept>
      <code value="active"/>
      <definition value="This valueset is ready for normal use."/>
    </concept>
    <concept>
      <code value="retired"/>
      <definition value="This valueset has been withdrawn or superceded and should no longer be used."/>
    </concept>
  </define>
</ValueSet>