<?xml version="1.0" encoding="UTF-8"?>

<ValueSet xmlns="http://hl7.org/fhir">
  <text>
    <status value="generated"/>
    <div xmlns="http://www.w3.org/1999/xhtml">
      <h2>QuestionnaireGroupName</h2>
      <p>This example value set defines a set of codes that can be used to specify a group of questions within a Questionnaire.</p>
      <p>This value set defines its own terms in the system http://hl7.org/fhir/questionnaire-group-name</p>
      <table>
        <tr>
          <td>
            <b>Code</b>
          </td>
          <td>
            <b>Display</b>
          </td>
          <td>
            <b>Definition</b>
          </td>
        </tr>
        <tr>
          <td>B.001
            <a name="B.46001"> </a>
          </td>
          <td>Hair Color</td>
          <td/>
        </tr>
        <tr>
          <td>B.002
            <a name="B.46002"> </a>
          </td>
          <td>Vision</td>
          <td/>
        </tr>
        <tr>
          <td>B.003
            <a name="B.46003"> </a>
          </td>
          <td>Sleepwalker</td>
          <td/>
        </tr>
        <tr>
          <td>B.004
            <a name="B.46004"> </a>
          </td>
          <td>Tooth extraction</td>
          <td/>
        </tr>
        <tr>
          <td>B.005
            <a name="B.46005"> </a>
          </td>
          <td>Stutter</td>
          <td/>
        </tr>
      </table>
    </div>
  </text>
  <identifier value="http://hl7.org/fhir/vs/questionnaire-group-name"/>
  <name value="QuestionnaireGroupName"/>
  <publisher value="FHIR Project team"/>
  <telecom>
    <system value="url"/>
    <value value="http://hl7.org/fhir"/>
  </telecom>
  <description value="This example value set defines a set of codes that can be used to specify a group of questions within a Questionnaire."/>
  <status value="draft"/>
  <define>
    <system value="http://hl7.org/fhir/questionnaire-group-name"/>
    <caseSensitive value="false"/>
    <concept>
      <code value="B.001"/>
      <display value="Hair Color"/>
    </concept>
    <concept>
      <code value="B.002"/>
      <display value="Vision"/>
    </concept>
    <concept>
      <code value="B.003"/>
      <display value="Sleepwalker"/>
    </concept>
    <concept>
      <code value="B.004"/>
      <display value="Tooth extraction"/>
    </concept>
    <concept>
      <code value="B.005"/>
      <display value="Stutter"/>
    </concept>
  </define>
</ValueSet>