<?xml version="1.0" encoding="UTF-8"?>

<Profile xmlns="http://hl7.org/fhir">
  <text>
    <status value="generated"/><div xmlns="http://www.w3.org/1999/xhtml"><pre>
&lt;<a title="A curated namespace that issues unique symbols within that namespace for the identification of concepts, people, devices, etc.  Represents a &quot;System&quot; used within the Identifier and Coding data types." class="dict" href="namespace-definitions.html#Namespace"><b>Namespace</b></a> xmlns=&quot;http://hl7.org/fhir&quot;&gt; <span style="float: right"><a title="Documentation for this format" href="formats.html"><img alt="doco" src="help.png"/></a></span>
 &lt;!-- from <a href="resources.html">Resource</a>: <a href="extensibility.html">extension</a>, <a href="extensibility.html#modifierExtension">modifierExtension</a>, language, <a href="narrative.html#Narrative">text</a>, and <a href="references.html#contained">contained</a> --&gt;
 &lt;<a title="Indicates the purpose for the namespace - what kinds of things does it make unique?." class="dict" href="namespace-definitions.html#Namespace.type"><b>type</b></a> value=&quot;[<span style="color: darkgreen"><a href="datatypes.html#code">code</a></span>]&quot;/&gt;<span style="color: Gray">&lt;!--</span> <span style="color: brown"><b>1..1</b></span> <span style="color: navy"><a style="color: navy" href="namespace-type.html">codesystem | identifier | root</a></span><span style="color: Gray"> --&gt;</span>
 &lt;<a title="The name of this particular identifier or code system." class="dict" href="namespace-definitions.html#Namespace.label"><b>label</b></a> value=&quot;[<span style="color: darkgreen"><a href="datatypes.html#string">string</a></span>]&quot;/&gt;<span style="color: Gray">&lt;!--</span> <span style="color: brown"><b>1..1</b></span> <span style="color: navy">Human-readable name</span><span style="color: Gray"> --&gt;</span>
 &lt;<a title="Indicates whether the namespace is &quot;ready for use&quot; or not." class="dict" href="namespace-definitions.html#Namespace.status"><b>status</b></a> value=&quot;[<span style="color: darkgreen"><a href="datatypes.html#code">code</a></span>]&quot;/&gt;<span style="color: Gray">&lt;!--</span> <span style="color: brown"><b>1..1</b></span> <span style="color: navy"><a style="color: navy" href="namespace-status.html">proposed | active | retired</a></span><span style="color: Gray"> --&gt;</span>
 &lt;<a title="If present, indicates that the identifier or code system is principally intended for use or applies to entities within the specified country.  For example, the country associated with a national code system." class="dict" href="namespace-definitions.html#Namespace.country"><b>country</b></a> value=&quot;[<span style="color: darkgreen"><a href="datatypes.html#code">code</a></span>]&quot;/&gt;<span style="color: Gray">&lt;!--</span> <span style="color: brown"><b>0..1</b></span> <span style="color: navy"><a style="color: navy" href="http://www.iso.org/iso/country_codes.html">ISO 3-char country code</a></span><span style="color: Gray"> --&gt;</span>
 &lt;<a title="Categorizes a namespace for easier search by grouping related namespaces." class="dict" href="namespace-definitions.html#Namespace.category"><b>category</b></a>&gt;<span style="color: Gray">&lt;!--</span> <span style="color: brown"><b>0..1</b></span> <span style="color: darkgreen"><a href="datatypes.html#CodeableConcept">CodeableConcept</a></span> <span style="color: navy"><a style="color: navy" href="namespace-category.html">driver | provider | patient | bank</a></span><span style="color: Gray"> --&gt;</span>&lt;/category&gt;
 &lt;<a title="Details about what the namespace identifies including scope, granularity, etc." class="dict" href="namespace-definitions.html#Namespace.description"><b>description</b></a> value=&quot;[<span style="color: darkgreen"><a href="datatypes.html#string">string</a></span>]&quot;/&gt;<span style="color: Gray">&lt;!--</span> <span style="color: brown"><b>0..1</b></span> <span style="color: navy">What does namespace identify?</span><span style="color: Gray"> --&gt;</span>
 &lt;<a title="Provides guidance on the use of the namespace, including the handling of formatting characters, use of upper vs. lower case, etc." class="dict" href="namespace-definitions.html#Namespace.usage"><b>usage</b></a> value=&quot;[<span style="color: darkgreen"><a href="datatypes.html#string">string</a></span>]&quot;/&gt;<span style="color: Gray">&lt;!--</span> <span style="color: brown"><b>0..1</b></span> <span style="color: navy">How/where is it used</span><span style="color: Gray"> --&gt;</span>
 &lt;<a title="Indicates how the system may be identified when referenced in electronic exchange." class="dict" href="namespace-definitions.html#Namespace.uniqueId"><b>uniqueId</b></a>&gt;  <span style="color: Gray">&lt;!-- <span style="color: brown"><b>1..*</b></span> Unique identifiers used for system --&gt;</span>
  &lt;<a title="Identifies the unique identifier scheme used for this particular identifier." class="dict" href="namespace-definitions.html#Namespace.uniqueId.type"><b>type</b></a> value=&quot;[<span style="color: darkgreen"><a href="datatypes.html#code">code</a></span>]&quot;/&gt;<span style="color: Gray">&lt;!--</span> <span style="color: brown"><b>1..1</b></span> <span style="color: navy"><a style="color: navy" href="namespace-identifier-type.html">oid | uuid | uri | ruid</a></span><span style="color: Gray"> --&gt;</span>
  &lt;<a title="The string that should be sent over the wire to identify the code system or identifier system." class="dict" href="namespace-definitions.html#Namespace.uniqueId.value"><b>value</b></a> value=&quot;[<span style="color: darkgreen"><a href="datatypes.html#string">string</a></span>]&quot;/&gt;<span style="color: Gray">&lt;!--</span> <span style="color: brown"><b>1..1</b></span> <span style="color: navy">The unique identifier</span><span style="color: Gray"> --&gt;</span>
  &lt;<a title="Indicates whether this identifier is the &quot;preferred&quot; identifier of this type." class="dict" href="namespace-definitions.html#Namespace.uniqueId.preferred"><b>preferred</b></a> value=&quot;[<span style="color: darkgreen"><a href="datatypes.html#boolean">boolean</a></span>]&quot;/&gt;<span style="color: Gray">&lt;!--</span> <span style="color: brown"><b>0..1</b></span> <span style="color: navy">Is this the id that should be used for this type</span><span style="color: Gray"> --&gt;</span>
  &lt;<a title="Identifies the period of time over which this identifier is considered appropriate to refer to the namespace.  Outside of this window, the identifier might be non-deterministic." class="dict" href="namespace-definitions.html#Namespace.uniqueId.period"><b>period</b></a>&gt;<span style="color: Gray">&lt;!--</span> <span style="color: brown"><b>0..1</b></span> <span style="color: darkgreen"><a href="datatypes.html#Period">Period</a></span> <span style="color: navy">When is identifier valid?</span><span style="color: Gray"> --&gt;</span>&lt;/period&gt;
 &lt;/uniqueId&gt;
 &lt;<a title="The organization that is responsible for issuing identifiers or codes for this namespace and ensuring their non-collision." class="dict" href="namespace-definitions.html#Namespace.responsible"><b>responsible</b></a>&gt;<span style="color: Gray">&lt;!--</span> <span style="color: brown"><b>0..1</b></span> <span style="color: darkgreen"><a href="references.html#Resource">Resource</a>(<a href="organization.html#Organization">Organization</a>)</span> <span style="color: navy">Who maintains system namespace?</span><span style="color: Gray"> --&gt;</span>&lt;/responsible&gt;
 &lt;<a title="The person who can be contacted about this system registration entry." class="dict" href="namespace-definitions.html#Namespace.contact"><b>contact</b></a>&gt;  <span style="color: Gray">&lt;!-- <span style="color: brown"><b>0..1</b></span> Who should be contacted for questions about namespace --&gt;</span>
  &lt;<a title="Names of the person who can be contacted." class="dict" href="namespace-definitions.html#Namespace.contact.name"><b>name</b></a>&gt;<span style="color: Gray">&lt;!--</span> <span style="color: brown"><b>0..1</b></span> <span style="color: darkgreen"><a href="datatypes.html#HumanName">HumanName</a></span> <span style="color: navy">Name of person</span><span style="color: Gray"> --&gt;</span>&lt;/name&gt;
  &lt;<a title="Identifies the mechanism(s) by which they can be contacted." class="dict" href="namespace-definitions.html#Namespace.contact.telecom"><b>telecom</b></a>&gt;<span style="color: Gray">&lt;!--</span> <span style="color: brown"><b>0..*</b></span> <span style="color: darkgreen"><a href="datatypes.html#Contact">Contact</a></span> <span style="color: navy">Phone, email, etc.</span><span style="color: Gray"> --&gt;</span>&lt;/telecom&gt;
 &lt;/contact&gt;
&lt;/Namespace&gt;
</pre></div>
  </text>
  <name value="namespace"/>
  <publisher value="FHIR Project"/>
  <description value="Basic Profile. A curated namespace that issues unique symbols within that namespace for the identification of concepts, people, devices, etc.  Represents a &quot;System&quot; used within the Identifier and Coding data types."/>
  <status value="draft"/>
  <date value="2014-04-13"/>
  <requirements value="Scope and Usage Defines a specific code system or identifier system"/>
  <mapping>
    <identity value="rim"/>
    <uri value="http://hl7.org/v3"/>
    <name value="RIM"/>
  </mapping>
  <mapping>
    <identity value="v2"/>
    <uri value="http://hl7.org/v2"/>
    <name value="HL7 v2"/>
  </mapping>
  <structure>
    <type value="Namespace"/>
    <publish value="true"/>
    <element>
      <path value="Namespace"/>
      <definition>
        <short value="System of unique identification"/>
        <formal value="A curated namespace that issues unique symbols within that namespace for the identification of concepts, people, devices, etc.  Represents a &quot;System&quot; used within the Identifier and Coding data types."/>
        <min value="1"/>
        <max value="1"/>
        <type>
          <code value="Resource"/>
        </type>
        <constraint>
          <key value="2"/>
          <severity value="error"/>
          <human value="Can&#39;t have more than one preferred identifier for a type"/>
          <xpath value="not(exists(for $type in distinct-values(f:uniqueId/f:type) return if (count(f:uniqueId[f:type/@value=$type and f:primary/@value=&#39;true&#39;])&gt;1) then $type else ()))"/>
        </constraint>
        <constraint>
          <key value="1"/>
          <severity value="error"/>
          <human value="Root systems cannot have uuid or sid identifiers"/>
          <xpath value="not(f:type/@value=&#39;root&#39; and f:uniqueId/f:type=(&#39;uuid&#39;, &#39;ruid&#39;))"/>
        </constraint>
        <isModifier value="false"/>
        <mapping>
          <identity value="rim"/>
          <map value="N/A"/>
        </mapping>
        <mapping>
          <identity value="v2"/>
          <map value="N/A"/>
        </mapping>
      </definition>
    </element>
    <element>
      <path value="Namespace.extension"/>
      <definition>
        <short value="Additional Content defined by implementations"/>
        <formal value="May be used to represent additional information that is not part of the basic definition of the resource. In order to make the use of extensions safe and manageable, there is a strict governance applied to the definition and use of extensions. Though any implementer is allowed to define an extension, there is a set of requirements that SHALL be met as part of the definition of the extension."/>
        <comments value="there can be no stigma associated with the use of extensions by any application, project, or standard - regardless of the institution or jurisdiction that uses or defines the extensions.  The use of extensions is what allows the FHIR specification to retain a core simplicity for everyone."/>
        <synonym value="extensions"/>
        <synonym value="user content"/>
        <min value="0"/>
        <max value="*"/>
        <type>
          <code value="Extension"/>
        </type>
        <isModifier value="false"/>
      </definition>
    </element>
    <element>
      <path value="Namespace.modifierExtension"/>
      <definition>
        <short value="Extensions that cannot be ignored"/>
        <formal value="May be used to represent additional information that is not part of the basic definition of the resource, and that modifies the understanding of the element that contains it. Usually modifier elements provide negation or qualification. In order to make the use of extensions safe and manageable, there is a strict governance applied to the definition and use of extensions. Though any implementer is allowed to define an extension, there is a set of requirements that SHALL be met as part of the definition of the extension. Applications processing a resource are required to check for modifier extensions."/>
        <comments value="there can be no stigma associated with the use of extensions by any application, project, or standard - regardless of the institution or jurisdiction that uses or defines the extensions.  The use of extensions is what allows the FHIR specification to retain a core simplicity for everyone."/>
        <synonym value="extensions"/>
        <synonym value="user content"/>
        <min value="0"/>
        <max value="*"/>
        <type>
          <code value="Extension"/>
        </type>
        <isModifier value="false"/>
      </definition>
    </element>
    <element>
      <path value="Namespace.text"/>
      <definition>
        <short value="Text summary of the resource, for human interpretation"/>
        <formal value="A human-readable narrative that contains a summary of the resource, and may be used to represent the content of the resource to a human. The narrative need not encode all the structured data, but is required to contain sufficient detail to make it &quot;clinically safe&quot; for a human to just read the narrative. Resource definitions may define what content should be represented in the narrative to ensure clinical safety."/>
        <comments value="Contained resources do not have narrative. Resources that are not contained SHOULD have a narrative."/>
        <synonym value="narrative"/>
        <synonym value="html"/>
        <synonym value="xhtml"/>
        <synonym value="display"/>
        <min value="0"/>
        <max value="1"/>
        <type>
          <code value="Narrative"/>
        </type>
        <isModifier value="false"/>
      </definition>
    </element>
    <element>
      <path value="Namespace.contained"/>
      <definition>
        <short value="Contained, inline Resources"/>
        <formal value="These resources do not have an independent existence apart from the resource that contains them - they cannot be identified independently, and nor can they have their own independent transaction scope."/>
        <comments value="This should never be done when the content can be identified properly, as once identification is lost, it is extremely difficult (and context dependent) to restore it again."/>
        <synonym value="inline resources"/>
        <synonym value="anonymous resources"/>
        <synonym value="contained resources"/>
        <min value="0"/>
        <max value="*"/>
        <type>
          <code value="Resource"/>
        </type>
        <isModifier value="false"/>
      </definition>
    </element>
    <element>
      <path value="Namespace.type"/>
      <definition>
        <short value="codesystem | identifier | root"/>
        <formal value="Indicates the purpose for the namespace - what kinds of things does it make unique?."/>
        <min value="1"/>
        <max value="1"/>
        <type>
          <code value="code"/>
        </type>
        <isModifier value="false"/>
        <binding>
          <name value="NamespaceType"/>
          <isExtensible value="false"/>
          <conformance value="required"/>
          <description value="Identifies the purpose of the namespace"/>
          <referenceResource>
            <reference value="http://hl7.org/fhir/vs/namespace-type"/>
          </referenceResource>
        </binding>
      </definition>
    </element>
    <element>
      <path value="Namespace.label"/>
      <definition>
        <short value="Human-readable name"/>
        <formal value="The name of this particular identifier or code system."/>
        <comments value="The&quot;symbolic name&quot; would be captured as an extension."/>
        <min value="1"/>
        <max value="1"/>
        <type>
          <code value="string"/>
        </type>
        <isModifier value="false"/>
      </definition>
    </element>
    <element>
      <path value="Namespace.status"/>
      <definition>
        <short value="proposed | active | retired"/>
        <formal value="Indicates whether the namespace is &quot;ready for use&quot; or not."/>
        <min value="1"/>
        <max value="1"/>
        <type>
          <code value="code"/>
        </type>
        <isModifier value="false"/>
        <binding>
          <name value="NamespaceStatus"/>
          <isExtensible value="false"/>
          <conformance value="required"/>
          <description value="Indicates whether the namespace should be used"/>
          <referenceResource>
            <reference value="http://hl7.org/fhir/vs/namespace-status"/>
          </referenceResource>
        </binding>
      </definition>
    </element>
    <element>
      <path value="Namespace.country"/>
      <definition>
        <short value="ISO 3-char country code"/>
        <formal value="If present, indicates that the identifier or code system is principally intended for use or applies to entities within the specified country.  For example, the country associated with a national code system."/>
        <min value="0"/>
        <max value="1"/>
        <type>
          <code value="code"/>
        </type>
        <isModifier value="false"/>
        <binding>
          <name value="Country"/>
          <isExtensible value="false"/>
          <conformance value="required"/>
          <description value="Codes for identifying countries"/>
          <referenceUri value="http://www.iso.org/iso/country_codes"/>
        </binding>
      </definition>
    </element>
    <element>
      <path value="Namespace.category"/>
      <definition>
        <short value="driver | provider | patient | bank"/>
        <formal value="Categorizes a namespace for easier search by grouping related namespaces."/>
        <comments value="This will most commonly be used for identifier namespaces, but categories could potentially be useful for code systems and authorities as well."/>
        <min value="0"/>
        <max value="1"/>
        <type>
          <code value="CodeableConcept"/>
        </type>
        <isModifier value="false"/>
        <binding>
          <name value="NamespaceCategory"/>
          <isExtensible value="true"/>
          <conformance value="preferred"/>
          <description value="Identifies the general purpose of the namespace identifiers provided"/>
          <referenceResource>
            <reference value="http://hl7.org/fhir/vs/namespace-category"/>
          </referenceResource>
        </binding>
      </definition>
    </element>
    <element>
      <path value="Namespace.description"/>
      <definition>
        <short value="What does namespace identify?"/>
        <formal value="Details about what the namespace identifies including scope, granularity, etc."/>
        <min value="0"/>
        <max value="1"/>
        <type>
          <code value="string"/>
        </type>
        <isModifier value="false"/>
      </definition>
    </element>
    <element>
      <path value="Namespace.usage"/>
      <definition>
        <short value="How/where is it used"/>
        <formal value="Provides guidance on the use of the namespace, including the handling of formatting characters, use of upper vs. lower case, etc."/>
        <min value="0"/>
        <max value="1"/>
        <type>
          <code value="string"/>
        </type>
        <isModifier value="false"/>
      </definition>
    </element>
    <element>
      <path value="Namespace.uniqueId"/>
      <definition>
        <short value="Unique identifiers used for system"/>
        <formal value="Indicates how the system may be identified when referenced in electronic exchange."/>
        <comments value="Multiple identifiers may exist, either due to duplicate registration, regional rules, needs of different communication technologies, etc."/>
        <min value="1"/>
        <max value="*"/>
        <isModifier value="false"/>
      </definition>
    </element>
    <element>
      <path value="Namespace.uniqueId.extension"/>
      <definition>
        <short value="Additional Content defined by implementations"/>
        <formal value="May be used to represent additional information that is not part of the basic definition of the resource. In order to make the use of extensions safe and manageable, there is a strict governance applied to the definition and use of extensions. Though any implementer is allowed to define an extension, there is a set of requirements that SHALL be met as part of the definition of the extension."/>
        <comments value="there can be no stigma associated with the use of extensions by any application, project, or standard - regardless of the institution or jurisdiction that uses or defines the extensions.  The use of extensions is what allows the FHIR specification to retain a core simplicity for everyone."/>
        <synonym value="extensions"/>
        <synonym value="user content"/>
        <min value="0"/>
        <max value="*"/>
        <type>
          <code value="Extension"/>
        </type>
        <isModifier value="false"/>
      </definition>
    </element>
    <element>
      <path value="Namespace.uniqueId.modifierExtension"/>
      <definition>
        <short value="Extensions that cannot be ignored"/>
        <formal value="May be used to represent additional information that is not part of the basic definition of the resource, and that modifies the understanding of the element that contains it. Usually modifier elements provide negation or qualification. In order to make the use of extensions safe and manageable, there is a strict governance applied to the definition and use of extensions. Though any implementer is allowed to define an extension, there is a set of requirements that SHALL be met as part of the definition of the extension. Applications processing a resource are required to check for modifier extensions."/>
        <comments value="there can be no stigma associated with the use of extensions by any application, project, or standard - regardless of the institution or jurisdiction that uses or defines the extensions.  The use of extensions is what allows the FHIR specification to retain a core simplicity for everyone."/>
        <synonym value="extensions"/>
        <synonym value="user content"/>
        <min value="0"/>
        <max value="*"/>
        <type>
          <code value="Extension"/>
        </type>
        <isModifier value="false"/>
      </definition>
    </element>
    <element>
      <path value="Namespace.uniqueId.type"/>
      <definition>
        <short value="oid | uuid | uri | ruid"/>
        <formal value="Identifies the unique identifier scheme used for this particular identifier."/>
        <comments value="Different identifier types may be used in different types of communications (OIDs for v3, URIs for FHIR, etc.)."/>
        <min value="1"/>
        <max value="1"/>
        <type>
          <code value="code"/>
        </type>
        <isModifier value="false"/>
        <binding>
          <name value="NamespaceIdentifierType"/>
          <isExtensible value="false"/>
          <conformance value="required"/>
          <description value="Identifies the style of unique identifier used to identify a namepace"/>
          <referenceResource>
            <reference value="http://hl7.org/fhir/vs/namespace-identifier-type"/>
          </referenceResource>
        </binding>
      </definition>
    </element>
    <element>
      <path value="Namespace.uniqueId.value"/>
      <definition>
        <short value="The unique identifier"/>
        <formal value="The string that should be sent over the wire to identify the code system or identifier system."/>
        <min value="1"/>
        <max value="1"/>
        <type>
          <code value="string"/>
        </type>
        <isModifier value="false"/>
      </definition>
    </element>
    <element>
      <path value="Namespace.uniqueId.preferred"/>
      <definition>
        <short value="Is this the id that should be used for this type"/>
        <formal value="Indicates whether this identifier is the &quot;preferred&quot; identifier of this type."/>
        <min value="0"/>
        <max value="1"/>
        <type>
          <code value="boolean"/>
        </type>
        <isModifier value="false"/>
      </definition>
    </element>
    <element>
      <path value="Namespace.uniqueId.period"/>
      <definition>
        <short value="When is identifier valid?"/>
        <formal value="Identifies the period of time over which this identifier is considered appropriate to refer to the namespace.  Outside of this window, the identifier might be non-deterministic."/>
        <comments value="Within a registry, a given identifier should only be &quot;active&quot; for a single namespace at a time.  (Ideally, an identifier should only ever be associated with a single namespace across all time)."/>
        <min value="0"/>
        <max value="1"/>
        <type>
          <code value="Period"/>
        </type>
        <isModifier value="false"/>
      </definition>
    </element>
    <element>
      <path value="Namespace.responsible"/>
      <definition>
        <short value="Who maintains system namespace?"/>
        <formal value="The organization that is responsible for issuing identifiers or codes for this namespace and ensuring their non-collision."/>
        <comments value="This is the primary organization.  Responsibility for some aspects of a namespace may be delegated."/>
        <min value="0"/>
        <max value="1"/>
        <type>
          <code value="ResourceReference"/>
          <profile value="http://hl7.org/fhir/profiles/Organization"/>
        </type>
        <isModifier value="false"/>
      </definition>
    </element>
    <element>
      <path value="Namespace.contact"/>
      <definition>
        <short value="Who should be contacted for questions about namespace"/>
        <formal value="The person who can be contacted about this system registration entry."/>
        <min value="0"/>
        <max value="1"/>
        <isModifier value="false"/>
      </definition>
    </element>
    <element>
      <path value="Namespace.contact.extension"/>
      <definition>
        <short value="Additional Content defined by implementations"/>
        <formal value="May be used to represent additional information that is not part of the basic definition of the resource. In order to make the use of extensions safe and manageable, there is a strict governance applied to the definition and use of extensions. Though any implementer is allowed to define an extension, there is a set of requirements that SHALL be met as part of the definition of the extension."/>
        <comments value="there can be no stigma associated with the use of extensions by any application, project, or standard - regardless of the institution or jurisdiction that uses or defines the extensions.  The use of extensions is what allows the FHIR specification to retain a core simplicity for everyone."/>
        <synonym value="extensions"/>
        <synonym value="user content"/>
        <min value="0"/>
        <max value="*"/>
        <type>
          <code value="Extension"/>
        </type>
        <isModifier value="false"/>
      </definition>
    </element>
    <element>
      <path value="Namespace.contact.modifierExtension"/>
      <definition>
        <short value="Extensions that cannot be ignored"/>
        <formal value="May be used to represent additional information that is not part of the basic definition of the resource, and that modifies the understanding of the element that contains it. Usually modifier elements provide negation or qualification. In order to make the use of extensions safe and manageable, there is a strict governance applied to the definition and use of extensions. Though any implementer is allowed to define an extension, there is a set of requirements that SHALL be met as part of the definition of the extension. Applications processing a resource are required to check for modifier extensions."/>
        <comments value="there can be no stigma associated with the use of extensions by any application, project, or standard - regardless of the institution or jurisdiction that uses or defines the extensions.  The use of extensions is what allows the FHIR specification to retain a core simplicity for everyone."/>
        <synonym value="extensions"/>
        <synonym value="user content"/>
        <min value="0"/>
        <max value="*"/>
        <type>
          <code value="Extension"/>
        </type>
        <isModifier value="false"/>
      </definition>
    </element>
    <element>
      <path value="Namespace.contact.name"/>
      <definition>
        <short value="Name of person"/>
        <formal value="Names of the person who can be contacted."/>
        <min value="0"/>
        <max value="1"/>
        <type>
          <code value="HumanName"/>
        </type>
        <isModifier value="false"/>
      </definition>
    </element>
    <element>
      <path value="Namespace.contact.telecom"/>
      <definition>
        <short value="Phone, email, etc."/>
        <formal value="Identifies the mechanism(s) by which they can be contacted."/>
        <min value="0"/>
        <max value="*"/>
        <type>
          <code value="Contact"/>
        </type>
        <isModifier value="false"/>
      </definition>
    </element>
    <searchParam>
      <name value="_id"/>
      <type value="token"/>
      <documentation value="The logical resource id associated with the resource (must be supported by all servers)"/>
    </searchParam>
    <searchParam>
      <name value="_language"/>
      <type value="token"/>
      <documentation value="The stated language of the resource"/>
    </searchParam>
  </structure>
</Profile>