<?xml version="1.0" encoding="UTF-8"?>

<ValueSet xmlns="http://hl7.org/fhir">
  <text>
    <status value="generated"/>
    <div xmlns="http://www.w3.org/1999/xhtml">
      <h2>Vaccination Protocol Dose Status Reason codes</h2>
      <p>The value set to instantiate this attribute should be drawn from a terminologically robust code system that consists of or          contains concepts to support the medication process, in particular the process and reasons for dispensing. This value set is provided as a suggestive example</p>
      <p>This value set defines its own terms in the system http://hl7.org/fhir/vaccination-protocol-dose-status-reason</p>
      <table>
        <tr>
          <td>
            <b>Code</b>
          </td>
          <td>
            <b>Display</b>
          </td>
          <td>
            <b>Definition</b>
          </td>
        </tr>
        <tr>
          <td>advstorage
            <a name="advstorage"> </a>
          </td>
          <td>Adverse storgage condition</td>
          <td/>
        </tr>
        <tr>
          <td>coldchbrk
            <a name="coldchbrk"> </a>
          </td>
          <td>Cold chain break</td>
          <td/>
        </tr>
        <tr>
          <td>explot
            <a name="explot"> </a>
          </td>
          <td>Expired lot</td>
          <td/>
        </tr>
        <tr>
          <td>outsidesched
            <a name="outsidesched"> </a>
          </td>
          <td>Administered outside recommended schedule</td>
          <td/>
        </tr>
        <tr>
          <td>prodrecall
            <a name="prodrecall"> </a>
          </td>
          <td>Product recall</td>
          <td/>
        </tr>
      </table>
    </div>
  </text>
  <identifier value="http://hl7.org/fhir/vs/vaccination-protocol-dose-status-reason"/>
  <name value="Vaccination Protocol Dose Status Reason codes"/>
  <publisher value="FHIR Project team"/>
  <telecom>
    <system value="url"/>
    <value value="http://hl7.org/fhir"/>
  </telecom>
  <description value="The value set to instantiate this attribute should be drawn from a terminologically robust code system that consists of or          contains concepts to support the medication process, in particular the process and reasons for dispensing. This value set is provided as a suggestive example"/>
  <status value="draft"/>
  <define>
    <system value="http://hl7.org/fhir/vaccination-protocol-dose-status-reason"/>
    <concept>
      <code value="advstorage"/>
      <display value="Adverse storgage condition"/>
    </concept>
    <concept>
      <code value="coldchbrk"/>
      <display value="Cold chain break"/>
    </concept>
    <concept>
      <code value="explot"/>
      <display value="Expired lot"/>
    </concept>
    <concept>
      <code value="outsidesched"/>
      <display value="Administered outside recommended schedule"/>
    </concept>
    <concept>
      <code value="prodrecall"/>
      <display value="Product recall"/>
    </concept>
  </define>
</ValueSet>