<?xml version="1.0" encoding="UTF-8"?>

<ValueSet xmlns="http://hl7.org/fhir">
  <text>
    <status value="generated"/>
    <div xmlns="http://www.w3.org/1999/xhtml">
      <h2>MedicationKind</h2>
      <p>Whether the medication is a product or a package</p>
      <p>This value set defines its own terms in the system http://hl7.org/fhir/medication-kind</p>
      <table>
        <tr>
          <td>
            <b>Code</b>
          </td>
          <td>
            <b>Display</b>
          </td>
          <td>
            <b>Definition</b>
          </td>
        </tr>
        <tr>
          <td>product
            <a name="product"> </a>
          </td>
          <td/>
          <td>The medication is a product.</td>
        </tr>
        <tr>
          <td>package
            <a name="package"> </a>
          </td>
          <td/>
          <td>The medication is a package - a contained group of one of more products.</td>
        </tr>
      </table>
    </div>
  </text>
  <identifier value="http://hl7.org/fhir/vs/medication-kind"/>
  <name value="MedicationKind"/>
  <publisher value="HL7 (FHIR Project)"/>
  <telecom>
    <system value="url"/>
    <value value="http://hl7.org/fhir"/>
  </telecom>
  <telecom>
    <system value="email"/>
    <value value="fhir@lists.hl7.org"/>
  </telecom>
  <description value="Whether the medication is a product or a package"/>
  <status value="draft"/>
  <date value="2014-04-10T08:35:03.578-00:00"/>
  <define>
    <system value="http://hl7.org/fhir/medication-kind"/>
    <caseSensitive value="true"/>
    <concept>
      <code value="product"/>
      <definition value="The medication is a product."/>
    </concept>
    <concept>
      <code value="package"/>
      <definition value="The medication is a package - a contained group of one of more products."/>
    </concept>
  </define>
</ValueSet>