<?xml version="1.0" encoding="UTF-8"?>

<ValueSet xmlns="http://hl7.org/fhir">
  <text>
    <status value="generated"/>
    <div xmlns="http://www.w3.org/1999/xhtml">
      <h2>DischargeDisposition</h2>
      <p>This value set defines a set of codes that can be used to where the patient left the hospital</p>
      <p>This value set defines its own terms in the system http://hl7.org/fhir/discharge-disposition</p>
      <table>
        <tr>
          <td>
            <b>Code</b>
          </td>
          <td>
            <b>Display</b>
          </td>
          <td>
            <b>Definition</b>
          </td>
        </tr>
        <tr>
          <td>home
            <a name="home"> </a>
          </td>
          <td>Home</td>
          <td/>
        </tr>
        <tr>
          <td>other-hcf
            <a name="other-hcf"> </a>
          </td>
          <td>Other healthcare facility</td>
          <td/>
        </tr>
        <tr>
          <td>hosp
            <a name="hosp"> </a>
          </td>
          <td>Hospice</td>
          <td/>
        </tr>
        <tr>
          <td>long
            <a name="long"> </a>
          </td>
          <td>Long-term care</td>
          <td/>
        </tr>
        <tr>
          <td>aadvice
            <a name="aadvice"> </a>
          </td>
          <td>Left against advice</td>
          <td/>
        </tr>
        <tr>
          <td>exp
            <a name="exp"> </a>
          </td>
          <td>Expired</td>
          <td/>
        </tr>
        <tr>
          <td>psy
            <a name="psy"> </a>
          </td>
          <td>Psychiatric hospital</td>
          <td/>
        </tr>
        <tr>
          <td>rehab
            <a name="rehab"> </a>
          </td>
          <td>Rehabilitation</td>
          <td/>
        </tr>
        <tr>
          <td>oth
            <a name="oth"> </a>
          </td>
          <td>Other</td>
          <td/>
        </tr>
      </table>
    </div>
  </text>
  <identifier value="http://hl7.org/fhir/vs/encounter-discharge-disposition"/>
  <name value="DischargeDisposition"/>
  <publisher value="FHIR Project team"/>
  <telecom>
    <system value="url"/>
    <value value="http://hl7.org/fhir"/>
  </telecom>
  <description value="This value set defines a set of codes that can be used to where the patient left the hospital"/>
  <status value="draft"/>
  <define>
    <system value="http://hl7.org/fhir/discharge-disposition"/>
    <caseSensitive value="true"/>
    <concept>
      <code value="home"/>
      <display value="Home"/>
    </concept>
    <concept>
      <code value="other-hcf"/>
      <display value="Other healthcare facility"/>
    </concept>
    <concept>
      <code value="hosp"/>
      <display value="Hospice"/>
    </concept>
    <concept>
      <code value="long"/>
      <display value="Long-term care"/>
    </concept>
    <concept>
      <code value="aadvice"/>
      <display value="Left against advice"/>
    </concept>
    <concept>
      <code value="exp"/>
      <display value="Expired"/>
    </concept>
    <concept>
      <code value="psy"/>
      <display value="Psychiatric hospital"/>
    </concept>
    <concept>
      <code value="rehab"/>
      <display value="Rehabilitation"/>
    </concept>
    <concept>
      <code value="oth"/>
      <display value="Other"/>
    </concept>
  </define>
</ValueSet>