<?xml version="1.0" encoding="UTF-8"?>

<ValueSet xmlns="http://hl7.org/fhir">
  <text>
    <status value="generated"/>
    <div xmlns="http://www.w3.org/1999/xhtml">
      This value set includes all the &quot;Clinical finding&quot; SNOMED CT codes (i.e. codes with an is-a relationship with 91723000: Anatomical structure)
    
      <hr/>
      <h2>SNOMED CT Body Structures</h2>
      <p>This value set includes all the &quot;Clinical finding&quot; SNOMED CT codes (i.e. codes with an is-a relationship with 91723000: Anatomical structure)</p>
      <p>This value set includes codes defined in other code systems, using the following rules:</p>
      <ul>
        <li>Include codes from http://snomed.info/sct where concept  is-a  91723000</li>
      </ul>
    </div>
  </text>
  <identifier value="http://hl7.org/fhir/vs/body-site"/>
  <name value="SNOMED CT Body Structures"/>
  <publisher value="FHIR Project team"/>
  <telecom>
    <system value="url"/>
    <value value="http://hl7.org/fhir"/>
  </telecom>
  <description value="This value set includes all the &quot;Clinical finding&quot; SNOMED CT codes (i.e. codes with an is-a relationship with 91723000: Anatomical structure)"/>
  <status value="draft"/>
  <compose>
    <include>
      <system value="http://snomed.info/sct"/>
      <filter>
        <property value="concept"/>
        <op value="is-a"/>
        <value value="91723000"/>
      </filter>
    </include>
  </compose>
</ValueSet>