<?xml version="1.0" encoding="UTF-8"?>

<ValueSet xmlns="http://hl7.org/fhir">
  <text>
    <status value="generated"/>
    <div xmlns="http://www.w3.org/1999/xhtml">
      <h2>Diagnostic Order Event Codes</h2>
      <p>Additional information about an event that occurred to a diagnostic order</p>
      <p>This value set includes codes defined in other code systems, using the following rules:</p>
      <ul>
        <li>Include these codes as defined in http://loinc.org
          <table>
            <tr>
              <td>
                <b>Code</b>
              </td>
              <td>
                <b>Display</b>
              </td>
              <td>
                <b>Definition</b>
              </td>
            </tr>
            <tr>
              <td>440622005</td>
              <td/>
              <td/>
            </tr>
            <tr>
              <td>394838008</td>
              <td/>
              <td/>
            </tr>
            <tr>
              <td>26895000</td>
              <td/>
              <td/>
            </tr>
          </table>
        </li>
      </ul>
    </div>
  </text>
  <identifier value="http://hl7.org/fhir/vs/diagnostic-order-event"/>
  <name value="Diagnostic Order Event Codes"/>
  <publisher value="FHIR Project team"/>
  <telecom>
    <system value="url"/>
    <value value="http://hl7.org/fhir"/>
  </telecom>
  <description value="Additional information about an event that occurred to a diagnostic order"/>
  <status value="draft"/>
  <compose>
    <include>
      <system value="http://loinc.org"/>
      <code value="440622005"/>
      <code value="394838008"/>
      <code value="26895000"/>
    </include>
  </compose>
</ValueSet>