<?xml version="1.0" encoding="UTF-8"?>

<ValueSet xmlns="http://hl7.org/fhir">
  <text>
    <status value="generated"/>
    <div xmlns="http://www.w3.org/1999/xhtml">
      <h2>SpecimenContainer</h2>
      <p>Containers which may hold specimens or specimen containers - all SNOMED CT specimen containers</p>
      <p>This value set includes codes defined in other code systems, using the following rules:</p>
      <ul>
        <li>Include codes from http://snomed.info/sct where concept  is-a  434711009</li>
      </ul>
    </div>
  </text>
  <identifier value="http://hl7.org/fhir/vs/specimen-container-type"/>
  <name value="SpecimenContainer"/>
  <publisher value="FHIR Project team"/>
  <telecom>
    <system value="url"/>
    <value value="http://hl7.org/fhir"/>
  </telecom>
  <description value="Containers which may hold specimens or specimen containers - all SNOMED CT specimen containers"/>
  <status value="draft"/>
  <compose>
    <include>
      <system value="http://snomed.info/sct"/>
      <filter>
        <property value="concept"/>
        <op value="is-a"/>
        <value value="434711009"/>
      </filter>
    </include>
  </compose>
</ValueSet>