{
  "resourceType": "ValueSet",
  "text": {
    "status": "generated",
    "div": "<div><h2>SecurityEventParticipantNetworkType</h2><p>The type of network access point that originated the audit event</p><p>This value set defines its own terms in the system http://hl7.org/fhir/network-type</p><table><tr><td><b>Code</b></td><td><b>Display</b></td><td><b>Definition</b></td></tr><tr><td>1<a name=\"1\"> </a></td><td/><td>Machine Name, including DNS name.</td></tr><tr><td>2<a name=\"2\"> </a></td><td/><td>IP Address.</td></tr><tr><td>3<a name=\"3\"> </a></td><td/><td>Telephone Number.</td></tr><tr><td>4<a name=\"4\"> </a></td><td/><td>Email address.</td></tr><tr><td>5<a name=\"5\"> </a></td><td/><td>URI (User directory, HTTP-PUT, ftp, etc.).</td></tr></table></div>"
  },
  "identifier": "http://hl7.org/fhir/vs/network-type",
  "name": "SecurityEventParticipantNetworkType",
  "publisher": "HL7 (FHIR Project)",
  "telecom": [
    {
      "system": "url",
      "value": "http://hl7.org/fhir"
    },
    {
      "system": "email",
      "value": "fhir@lists.hl7.org"
    }
  ],
  "description": "The type of network access point that originated the audit event",
  "status": "draft",
  "date": "2014-04-15T12:51:59.846-00:00",
  "define": {
    "system": "http://hl7.org/fhir/network-type",
    "caseSensitive": true,
    "concept": [
      {
        "code": "1",
        "definition": "Machine Name, including DNS name."
      },
      {
        "code": "2",
        "definition": "IP Address."
      },
      {
        "code": "3",
        "definition": "Telephone Number."
      },
      {
        "code": "4",
        "definition": "Email address."
      },
      {
        "code": "5",
        "definition": "URI (User directory, HTTP-PUT, ftp, etc.)."
      }
    ]
  }
}