<?xml version="1.0" encoding="UTF-8"?>

<ValueSet xmlns="http://hl7.org/fhir">
  <text>
    <status value="generated"/>
    <div xmlns="http://www.w3.org/1999/xhtml">
      <h2>UnitsOfTime</h2>
      <p>A unit of time (units from UCUM)</p>
      <p>This value set includes codes defined in other code systems, using the following rules:</p>
      <ul>
        <li>Include these codes as defined in http://unitsofmeasure.org
          <table>
            <tr>
              <td>
                <b>Code</b>
              </td>
              <td>
                <b>Display</b>
              </td>
              <td>
                <b>Definition</b>
              </td>
            </tr>
            <tr>
              <td>s</td>
              <td/>
              <td>second.</td>
            </tr>
            <tr>
              <td>min</td>
              <td/>
              <td>minute.</td>
            </tr>
            <tr>
              <td>h</td>
              <td/>
              <td>hour.</td>
            </tr>
            <tr>
              <td>d</td>
              <td/>
              <td>day.</td>
            </tr>
            <tr>
              <td>wk</td>
              <td/>
              <td>week.</td>
            </tr>
            <tr>
              <td>mo</td>
              <td/>
              <td>month.</td>
            </tr>
            <tr>
              <td>a</td>
              <td/>
              <td>year.</td>
            </tr>
          </table>
        </li>
      </ul>
    </div>
  </text>
  <identifier value="http://hl7.org/fhir/vs/units-of-time"/>
  <name value="UnitsOfTime"/>
  <publisher value="HL7 (FHIR Project)"/>
  <telecom>
    <system value="url"/>
    <value value="http://hl7.org/fhir"/>
  </telecom>
  <telecom>
    <system value="email"/>
    <value value="fhir@lists.hl7.org"/>
  </telecom>
  <description value="A unit of time (units from UCUM)"/>
  <status value="draft"/>
  <date value="2014-04-15T19:53:37.084-00:00"/>
  <compose>
    <include>
      <system value="http://unitsofmeasure.org"/>
      <code value="s">
        <extension url="http://hl7.org/fhir/Profile/tools-extensions#definition">
          <valueString value="second."/>
        </extension>
      </code>
      <code value="min">
        <extension url="http://hl7.org/fhir/Profile/tools-extensions#definition">
          <valueString value="minute."/>
        </extension>
      </code>
      <code value="h">
        <extension url="http://hl7.org/fhir/Profile/tools-extensions#definition">
          <valueString value="hour."/>
        </extension>
      </code>
      <code value="d">
        <extension url="http://hl7.org/fhir/Profile/tools-extensions#definition">
          <valueString value="day."/>
        </extension>
      </code>
      <code value="wk">
        <extension url="http://hl7.org/fhir/Profile/tools-extensions#definition">
          <valueString value="week."/>
        </extension>
      </code>
      <code value="mo">
        <extension url="http://hl7.org/fhir/Profile/tools-extensions#definition">
          <valueString value="month."/>
        </extension>
      </code>
      <code value="a">
        <extension url="http://hl7.org/fhir/Profile/tools-extensions#definition">
          <valueString value="year."/>
        </extension>
      </code>
    </include>
  </compose>
</ValueSet>