<?xml version="1.0" encoding="UTF-8"?>

<ConceptMap xmlns="http://hl7.org/fhir">
  <text>
    <status value="generated"/>
    <div xmlns="http://www.w3.org/1999/xhtml">
      <h2>v2 map for NameUse (http://hl7.org/fhir/cm/v2/name-use)</h2>
      <p>Mapping from 
        <a href="name-use.html">http://hl7.org/fhir/vs/name-use</a> to 
        <a href="v2/0200/index.html">http://hl7.org/fhir/v2/vs/0200</a>
      </p>
      <p>Draft. Published on 10-Apr 2014 8:35 by HL7 (FHIR Project) (
        <a href="http://hl7.org/fhir">http://hl7.org/fhir</a>, 
        <a href="mailto:fhir@lists.hl7.org">fhir@lists.hl7.org</a>). 
      </p>
      <p>v2 Map (0200)</p>
      <br/>
      <table class="grid">
        <tr>
          <td>
            <b>Source Code</b>
          </td>
          <td>
            <b>Equivalence</b>
          </td>
          <td>
            <b>Destination Code</b>
          </td>
        </tr>
        <tr>
          <td>usual</td>
          <td>equivalent</td>
          <td>D (Customary Name)</td>
        </tr>
        <tr>
          <td>official</td>
          <td>equivalent</td>
          <td>L (Official Registry Name)</td>
        </tr>
        <tr>
          <td>temp</td>
          <td>equivalent</td>
          <td>TEMP (Temporary Name)</td>
        </tr>
        <tr>
          <td>nickname</td>
          <td>equivalent</td>
          <td>N (Nickname)</td>
        </tr>
        <tr>
          <td>anonymous</td>
          <td>equivalent</td>
          <td>S (Pseudonym)</td>
        </tr>
        <tr>
          <td>old</td>
          <td>narrower</td>
          <td>NOUSE (No Longer To Be Used)</td>
        </tr>
        <tr>
          <td>old</td>
          <td>narrower</td>
          <td>BAD (Bad Name)</td>
        </tr>
        <tr>
          <td>maiden</td>
          <td>equivalent</td>
          <td>M (Maiden Name)</td>
        </tr>
      </table>
    </div>
  </text>
  <identifier value="http://hl7.org/fhir/cm/v2/name-use"/>
  <name value="v2 map for NameUse"/>
  <publisher value="HL7 (FHIR Project)"/>
  <telecom>
    <system value="url"/>
    <value value="http://hl7.org/fhir"/>
  </telecom>
  <telecom>
    <system value="email"/>
    <value value="fhir@lists.hl7.org"/>
  </telecom>
  <description value="v2 Map (0200)"/>
  <status value="draft"/>
  <date value="2014-04-10T08:35:05.665-00:00"/>
  <source>
    <reference value="http://hl7.org/fhir/vs/name-use"/>
  </source>
  <target>
    <reference value="http://hl7.org/fhir/v2/vs/0200"/>
  </target>
  <concept>
    <system value="http://hl7.org/fhir/name-use"/>
    <code value="usual"/>
    <map>
      <system value="http://hl7.org/fhir/v2/0200"/>
      <code value="D"/>
      <equivalence value="equivalent"/>
    </map>
  </concept>
  <concept>
    <system value="http://hl7.org/fhir/name-use"/>
    <code value="official"/>
    <map>
      <system value="http://hl7.org/fhir/v2/0200"/>
      <code value="L"/>
      <equivalence value="equivalent"/>
    </map>
  </concept>
  <concept>
    <system value="http://hl7.org/fhir/name-use"/>
    <code value="temp"/>
    <map>
      <system value="http://hl7.org/fhir/v2/0200"/>
      <code value="TEMP"/>
      <equivalence value="equivalent"/>
    </map>
  </concept>
  <concept>
    <system value="http://hl7.org/fhir/name-use"/>
    <code value="nickname"/>
    <map>
      <system value="http://hl7.org/fhir/v2/0200"/>
      <code value="N"/>
      <equivalence value="equivalent"/>
    </map>
  </concept>
  <concept>
    <system value="http://hl7.org/fhir/name-use"/>
    <code value="anonymous"/>
    <map>
      <system value="http://hl7.org/fhir/v2/0200"/>
      <code value="S"/>
      <equivalence value="equivalent"/>
    </map>
  </concept>
  <concept>
    <system value="http://hl7.org/fhir/name-use"/>
    <code value="old"/>
    <map>
      <system value="http://hl7.org/fhir/v2/0200"/>
      <code value="NOUSE"/>
      <equivalence value="narrower"/>
    </map>
  </concept>
  <concept>
    <system value="http://hl7.org/fhir/name-use"/>
    <code value="old"/>
    <map>
      <system value="http://hl7.org/fhir/v2/0200"/>
      <code value="BAD"/>
      <equivalence value="narrower"/>
    </map>
  </concept>
  <concept>
    <system value="http://hl7.org/fhir/name-use"/>
    <code value="maiden"/>
    <map>
      <system value="http://hl7.org/fhir/v2/0200"/>
      <code value="M"/>
      <equivalence value="equivalent"/>
    </map>
  </concept>
</ConceptMap>