<?xml version="1.0" encoding="UTF-8"?>

<ValueSet xmlns="http://hl7.org/fhir">
  <text>
    <status value="generated"/>
    <div xmlns="http://www.w3.org/1999/xhtml">
      <h2>QuestionnaireQuestionName</h2>
      <p>This example value set defines a set of codes that can be used to specify a coded name for    a question on a Questionnaire.</p>
      <p>This value set defines its own terms in the system http://hl7.org/fhir/questionnaire-question-name</p>
      <table>
        <tr>
          <td>
            <b>Code</b>
          </td>
          <td>
            <b>Display</b>
          </td>
          <td>
            <b>Definition</b>
          </td>
        </tr>
        <tr>
          <td>CTQQ-2012
            <a name="CTQQ-2012"> </a>
          </td>
          <td>Cancer Treatment Quality Questionnaire 2012</td>
          <td/>
        </tr>
        <tr>
          <td>PA.form.A
            <a name="PA.46form.46A"> </a>
          </td>
          <td>Pre-admission standard Form A</td>
          <td/>
        </tr>
        <tr>
          <td>BNAS
            <a name="BNAS"> </a>
          </td>
          <td>Brazelton Neonatal Assessment Scale</td>
          <td/>
        </tr>
      </table>
    </div>
  </text>
  <identifier value="http://hl7.org/fhir/vs/questionnaire-question-name"/>
  <name value="QuestionnaireQuestionName"/>
  <publisher value="FHIR Project team"/>
  <telecom>
    <system value="url"/>
    <value value="http://hl7.org/fhir"/>
  </telecom>
  <description value="This example value set defines a set of codes that can be used to specify a coded name for    a question on a Questionnaire."/>
  <status value="draft"/>
  <define>
    <system value="http://hl7.org/fhir/questionnaire-question-name"/>
    <caseSensitive value="false"/>
    <concept>
      <code value="CTQQ-2012"/>
      <display value="Cancer Treatment Quality Questionnaire 2012"/>
    </concept>
    <concept>
      <code value="PA.form.A"/>
      <display value="Pre-admission standard Form A"/>
    </concept>
    <concept>
      <code value="BNAS"/>
      <display value="Brazelton Neonatal Assessment Scale"/>
    </concept>
  </define>
</ValueSet>