<?xml version="1.0" encoding="UTF-8"?>

<ValueSet xmlns="http://hl7.org/fhir">
  <text>
    <status value="generated"/>
    <div xmlns="http://www.w3.org/1999/xhtml">
      <h2>Substance Type</h2>
      <p>This value sets refers to a substance type</p>
      <p>This value set includes codes defined in other code systems, using the following rules:</p>
      <ul>
        <li>Include codes from http://snomed.info/sct where concept  is-a  105590001</li>
        <li>Include codes from http://snomed.info/sct where concept  is-a  373873005</li>
      </ul>
    </div>
  </text>
  <identifier value="http://hl7.org/fhir/vs/substance-type"/>
  <name value="Substance Type"/>
  <publisher value="FHIR Project team"/>
  <telecom>
    <system value="url"/>
    <value value="http://hl7.org/fhir"/>
  </telecom>
  <description value="This value sets refers to a substance type"/>
  <status value="draft"/>
  <compose>
    <include>
      <system value="http://snomed.info/sct"/>
      <filter>
        <property value="concept"/>
        <op value="is-a"/>
        <value value="105590001"/>
      </filter>
    </include>
    <include>
      <system value="http://snomed.info/sct"/>
      <filter>
        <property value="concept"/>
        <op value="is-a"/>
        <value value="373873005"/>
      </filter>
    </include>
  </compose>
</ValueSet>