<?xml version="1.0" encoding="UTF-8"?><FamilyHistory xmlns="http://hl7.org/fhir">
  <text>
    <status value="generated"/>
    <div xmlns="http://www.w3.org/1999/xhtml">To do</div>
  </text>
  <subject>
    <reference value="Patient/example"/>
    <display value="Peter Patient">
      <!--  Should be 'Bob', but didn't make sense to define a new patient  -->
    </display>
  </subject>
  <relation id="1">
    <extension url="http://hl7.org/fhir/Profile/familyhistory-genetics-pedigree#relationParent">
      <extension url="http://hl7.org/fhir/Profile/familyhistory-genetics-pedigree#relationParent.type">
        <valueCodeableConcept>
          <coding>
            <system value="http://hl7.org/fhir/v3/RoleCode"/>
            <code value="FTH"/>
            <display value="father"/>
          </coding>
        </valueCodeableConcept>
      </extension>
      <extension url="http://hl7.org/fhir/Profile/familyhistory-genetics-pedigree#relationParent.identifier">
        <valueUri value="#2"/>
      </extension>
    </extension>
    <name value="Dave"/>
    <relationship>
      <coding>
        <system value="http://hl7.org/fhir/v3/RoleCode"/>
        <code value="FTH"/>
        <display value="father"/>
      </coding>
    </relationship>
  </relation>
  <relation id="2">
    <relationship>
      <coding>
        <system value="http://hl7.org/fhir/v3/RoleCode"/>
        <code value="GRFTH"/>
        <display value="grandfather"/>
      </coding>
    </relationship>
  </relation>
  <relation id="3">
    <extension url="http://hl7.org/fhir/Profile/familyhistory-genetics-pedigree#relationParent">
      <extension url="http://hl7.org/fhir/Profile/familyhistory-genetics-pedigree#relationParent.type">
        <valueCodeableConcept>
          <coding>
            <system value="http://hl7.org/fhir/v3/RoleCode"/>
            <code value="FTH"/>
            <display value="father"/>
          </coding>
        </valueCodeableConcept>
      </extension>
      <extension url="http://hl7.org/fhir/Profile/familyhistory-genetics-pedigree#relationParent.identifier">
        <valueUri value="#2"/>
      </extension>
    </extension>
    <relationship>
      <coding>
        <system value="http://hl7.org/fhir/v3/RoleCode"/>
        <code value="PUNCLE"/>
        <display value="paternal uncle"/>
      </coding>
    </relationship>
  </relation>
  <relation id="4">
    <extension url="http://hl7.org/fhir/Profile/familyhistory-genetics-pedigree#relationParent">
      <extension url="http://hl7.org/fhir/Profile/familyhistory-genetics-pedigree#relationParent.type">
        <valueCodeableConcept>
          <coding>
            <system value="http://hl7.org/fhir/v3/RoleCode"/>
            <code value="FTH"/>
            <display value="father"/>
          </coding>
        </valueCodeableConcept>
      </extension>
      <extension url="http://hl7.org/fhir/Profile/familyhistory-genetics-pedigree#relationParent.identifier">
        <valueUri value="#2"/>
      </extension>
    </extension>
    <relationship>
      <coding>
        <system value="http://hl7.org/fhir/v3/RoleCode"/>
        <code value="PUNCLE"/>
        <display value="paternal uncle"/>
      </coding>
    </relationship>
  </relation>
  <relation id="5">
    <extension url="http://hl7.org/fhir/Profile/familyhistory-genetics-pedigree#relationParent">
      <extension url="http://hl7.org/fhir/Profile/familyhistory-genetics-pedigree#relationParent.type">
        <valueCodeableConcept>
          <coding>
            <system value="http://hl7.org/fhir/v3/RoleCode"/>
            <code value="FTH"/>
            <display value="father"/>
          </coding>
        </valueCodeableConcept>
      </extension>
      <extension url="http://hl7.org/fhir/Profile/familyhistory-genetics-pedigree#relationParent.identifier">
        <valueUri value="#2"/>
      </extension>
    </extension>
    <name value="Eve"/>
    <relationship>
      <coding>
        <system value="http://hl7.org/fhir/v3/RoleCode"/>
        <code value="PAUNT"/>
        <display value="paternal aunt"/>
      </coding>
    </relationship>
  </relation>
  <relation id="6">
    <extension url="http://hl7.org/fhir/Profile/familyhistory-genetics-pedigree#relationParent">
      <extension url="http://hl7.org/fhir/Profile/familyhistory-genetics-pedigree#relationParent.type">
        <valueCodeableConcept>
          <coding>
            <system value="http://hl7.org/fhir/v3/RoleCode"/>
            <code value="FTH"/>
            <display value="father"/>
          </coding>
        </valueCodeableConcept>
      </extension>
      <extension url="http://hl7.org/fhir/Profile/familyhistory-genetics-pedigree#relationParent.identifier">
        <valueUri value="#2"/>
      </extension>
    </extension>
    <relationship>
      <coding>
        <system value="http://hl7.org/fhir/v3/RoleCode"/>
        <code value="PAUNT"/>
        <display value="paternal aunt"/>
      </coding>
    </relationship>
  </relation>
  <relation id="7">
    <extension url="http://hl7.org/fhir/Profile/familyhistory-genetics-pedigree#relationParent">
      <extension url="http://hl7.org/fhir/Profile/familyhistory-genetics-pedigree#relationParent.type">
        <valueCodeableConcept>
          <coding>
            <system value="http://hl7.org/fhir/v3/RoleCode"/>
            <code value="FTH"/>
            <display value="father"/>
          </coding>
        </valueCodeableConcept>
      </extension>
      <extension url="http://hl7.org/fhir/Profile/familyhistory-genetics-pedigree#relationParent.identifier">
        <valueUri value="#2"/>
      </extension>
    </extension>
    <relationship>
      <coding>
        <system value="http://hl7.org/fhir/v3/RoleCode"/>
        <code value="PAUNT"/>
        <display value="paternal aunt"/>
      </coding>
    </relationship>
  </relation>
  <relation id="8">
    <extension url="http://hl7.org/fhir/Profile/familyhistory-genetics-pedigree#relationParent">
      <extension url="http://hl7.org/fhir/Profile/familyhistory-genetics-pedigree#relationParent.type">
        <valueCodeableConcept>
          <coding>
            <system value="http://hl7.org/fhir/v3/RoleCode"/>
            <code value="MTH"/>
            <display value="mother"/>
          </coding>
        </valueCodeableConcept>
      </extension>
      <extension url="http://hl7.org/fhir/Profile/familyhistory-genetics-pedigree#relationParent.identifier">
        <valueUri value="#5"/>
      </extension>
    </extension>
    <name value="Alice"/>
    <relationship>
      <coding>
        <system value="http://hl7.org/fhir/v3/RoleCode"/>
        <code value="PCOUSN"/>
        <display value="paternal cousin"/>
      </coding>
    </relationship>
  </relation>
</FamilyHistory>