<?xml version="1.0" encoding="UTF-8"?>

<ValueSet xmlns="http://hl7.org/fhir">
  <text>
    <status value="generated"/>
    <div xmlns="http://www.w3.org/1999/xhtml">
      <h2>SensitivityType</h2>
      <p>The type of an adverse sensitivity</p>
      <p>This value set defines its own terms in the system http://hl7.org/fhir/sensitivitytype</p>
      <table>
        <tr>
          <td>
            <b>Code</b>
          </td>
          <td>
            <b>Display</b>
          </td>
          <td>
            <b>Definition</b>
          </td>
        </tr>
        <tr>
          <td>allergy
            <a name="allergy"> </a>
          </td>
          <td/>
          <td>Allergic Reaction.</td>
        </tr>
        <tr>
          <td>intolerance
            <a name="intolerance"> </a>
          </td>
          <td/>
          <td>Non-Allergic Reaction.</td>
        </tr>
        <tr>
          <td>unknown
            <a name="unknown"> </a>
          </td>
          <td/>
          <td>Unknown type.</td>
        </tr>
      </table>
    </div>
  </text>
  <identifier value="http://hl7.org/fhir/vs/sensitivitytype"/>
  <name value="SensitivityType"/>
  <publisher value="HL7 (FHIR Project)"/>
  <telecom>
    <system value="url"/>
    <value value="http://hl7.org/fhir"/>
  </telecom>
  <telecom>
    <system value="email"/>
    <value value="fhir@lists.hl7.org"/>
  </telecom>
  <description value="The type of an adverse sensitivity"/>
  <status value="draft"/>
  <date value="2014-04-13T23:15:34.475-00:00"/>
  <define>
    <system value="http://hl7.org/fhir/sensitivitytype"/>
    <caseSensitive value="true"/>
    <concept>
      <code value="allergy"/>
      <definition value="Allergic Reaction."/>
    </concept>
    <concept>
      <code value="intolerance"/>
      <definition value="Non-Allergic Reaction."/>
    </concept>
    <concept>
      <code value="unknown"/>
      <definition value="Unknown type."/>
    </concept>
  </define>
</ValueSet>