<?xml version="1.0" encoding="UTF-8"?>

<ValueSet xmlns="http://hl7.org/fhir">
  <text>
    <status value="generated"/>
    <div xmlns="http://www.w3.org/1999/xhtml">
      <h2>MessageTransport</h2>
      <p>The protocol used for message transport</p>
      <p>This value set defines its own terms in the system http://hl7.org/fhir/message-transport</p>
      <table>
        <tr>
          <td>
            <b>Code</b>
          </td>
          <td>
            <b>Display</b>
          </td>
          <td>
            <b>Definition</b>
          </td>
        </tr>
        <tr>
          <td>http
            <a name="http"> </a>
          </td>
          <td/>
          <td>The application sends or receives messages using HTTP POST (may be over http or https).</td>
        </tr>
        <tr>
          <td>ftp
            <a name="ftp"> </a>
          </td>
          <td/>
          <td>The application sends or receives messages using File Transfer Protocol.</td>
        </tr>
        <tr>
          <td>mllp
            <a name="mllp"> </a>
          </td>
          <td/>
          <td>The application sends or receivers messages using HL7&#39;s Minimal Lower Level Protocol.</td>
        </tr>
      </table>
    </div>
  </text>
  <identifier value="http://hl7.org/fhir/vs/message-transport"/>
  <name value="MessageTransport"/>
  <publisher value="HL7 (FHIR Project)"/>
  <telecom>
    <system value="url"/>
    <value value="http://hl7.org/fhir"/>
  </telecom>
  <telecom>
    <system value="email"/>
    <value value="fhir@lists.hl7.org"/>
  </telecom>
  <description value="The protocol used for message transport"/>
  <status value="draft"/>
  <date value="2014-04-15T15:09:14.220-00:00"/>
  <define>
    <system value="http://hl7.org/fhir/message-transport"/>
    <caseSensitive value="true"/>
    <concept>
      <code value="http"/>
      <definition value="The application sends or receives messages using HTTP POST (may be over http or https)."/>
    </concept>
    <concept>
      <code value="ftp"/>
      <definition value="The application sends or receives messages using File Transfer Protocol."/>
    </concept>
    <concept>
      <code value="mllp"/>
      <definition value="The application sends or receivers messages using HL7&#39;s Minimal Lower Level Protocol."/>
    </concept>
  </define>
</ValueSet>