<?xml version="1.0" encoding="UTF-8"?>

<ValueSet xmlns="http://hl7.org/fhir">
  <text>
    <status value="generated"/>
    <div xmlns="http://www.w3.org/1999/xhtml">
      <h2>Administrative Gender Codes</h2>
      <p>This value set defines the set of codes that can be used to indicate the administrative gender of a person</p>
      <p>This value set includes codes defined in other code systems, using the following rules:</p>
      <ul>
        <li>Include these codes as defined in 
          <a href="http://hl7.org/fhir/v3/AdministrativeGender">http://hl7.org/fhir/v3/AdministrativeGender</a>
          <table>
            <tr>
              <td>
                <b>Code</b>
              </td>
              <td>
                <b>Display</b>
              </td>
              <td>
                <b>Definition</b>
              </td>
            </tr>
            <tr>
              <td>F</td>
              <td>Female</td>
              <td>Female</td>
            </tr>
            <tr>
              <td>M</td>
              <td>Male</td>
              <td>Male</td>
            </tr>
            <tr>
              <td>UN</td>
              <td>Undifferentiated</td>
              <td>The gender of a person could not be uniquely defined as male or female, such as hermaphrodite.</td>
            </tr>
          </table>
        </li>
        <li>Include these codes as defined in 
          <a href="http://hl7.org/fhir/v3/NullFlavor">http://hl7.org/fhir/v3/NullFlavor</a>
          <table>
            <tr>
              <td>
                <b>Code</b>
              </td>
              <td>
                <b>Display</b>
              </td>
              <td>
                <b>Definition</b>
              </td>
            </tr>
            <tr>
              <td>UNK</td>
              <td>unknown</td>
              <td>Description:A proper value is applicable, but not known.
                <br/>
                        
                           Usage Notes: This means the actual value is not known.  If the only thing that is unknown is how to properly express the value in the necessary constraints (value set, datatype, etc.), then the OTH or UNC flavor should be used.  No properties should be included for a datatype with this property unless:
                <br/>
                        
                           Those properties themselves directly translate to a semantic of &quot;unknown&quot;.  (E.g. a local code sent as a translation that conveys &#39;unknown&#39;)
                           Those properties further qualify the nature of what is unknown.  (E.g. specifying a use code of &quot;H&quot; and a URL prefix of &quot;tel:&quot; to convey that it is the home phone number that is unknown.)
              </td>
            </tr>
          </table>
        </li>
      </ul>
    </div>
  </text>
  <identifier value="http://hl7.org/fhir/vs/administrative-gender"/>
  <name value="Administrative Gender Codes"/>
  <publisher value="FHIR Project team"/>
  <telecom>
    <system value="url"/>
    <value value="http://hl7.org/fhir"/>
  </telecom>
  <description value="This value set defines the set of codes that can be used to indicate the administrative gender of a person"/>
  <status value="draft"/>
  <compose>
    <include>
      <system value="http://hl7.org/fhir/v3/AdministrativeGender"/>
      <code value="F"/>
      <code value="M"/>
      <code value="UN"/>
    </include>
    <include>
      <system value="http://hl7.org/fhir/v3/NullFlavor"/>
      <code value="UNK"/>
    </include>
  </compose>
</ValueSet>