<?xml version="1.0" encoding="UTF-8"?>

<ValueSet xmlns="http://hl7.org/fhir">
  <text>
    <status value="generated"/>
    <div xmlns="http://www.w3.org/1999/xhtml">
      
      <p>This value set includes all SNOMED CT clinical findings (concepts with an is-a relationship with 404684003)</p>
    
    </div>
  </text>
  <identifier value="http://hl7.org/fhir/vs/condition-code"/>
  <name value="Condition/Problem/Diagnosis Codes"/>
  <publisher value="FHIR Project team"/>
  <telecom>
    <system value="url"/>
    <value value="http://hl7.org/fhir"/>
  </telecom>
  <description value="Example value set for Condition/Problem/Diagnosis codes"/>
  <status value="draft"/>
  <compose>
    <include>
      <system value="http://snomed.info/sct"/>
      <filter>
        <property value="concept"/>
        <op value="is-a"/>
        <value value="404684003"/>
      </filter>
    </include>
  </compose>
</ValueSet>