<?xml version="1.0" encoding="UTF-8"?>

<ValueSet xmlns="http://hl7.org/fhir">
  <text>
    <status value="generated"/>
    <div xmlns="http://www.w3.org/1999/xhtml">
      <h2>SecurityEventObjectType</h2>
      <p>Code for the participant object type being audited</p>
      <p>This value set defines its own terms in the system http://hl7.org/fhir/object-type</p>
      <table>
        <tr>
          <td>
            <b>Code</b>
          </td>
          <td>
            <b>Display</b>
          </td>
          <td>
            <b>Definition</b>
          </td>
        </tr>
        <tr>
          <td>1
            <a name="1"> </a>
          </td>
          <td/>
          <td>Person.</td>
        </tr>
        <tr>
          <td>2
            <a name="2"> </a>
          </td>
          <td/>
          <td>System Object.</td>
        </tr>
        <tr>
          <td>3
            <a name="3"> </a>
          </td>
          <td/>
          <td>Organization.</td>
        </tr>
        <tr>
          <td>4
            <a name="4"> </a>
          </td>
          <td/>
          <td>Other.</td>
        </tr>
      </table>
    </div>
  </text>
  <identifier value="http://hl7.org/fhir/vs/object-type"/>
  <name value="SecurityEventObjectType"/>
  <publisher value="HL7 (FHIR Project)"/>
  <telecom>
    <system value="url"/>
    <value value="http://hl7.org/fhir"/>
  </telecom>
  <telecom>
    <system value="email"/>
    <value value="fhir@lists.hl7.org"/>
  </telecom>
  <description value="Code for the participant object type being audited"/>
  <status value="draft"/>
  <date value="2014-04-15T03:36:34.151-00:00"/>
  <define>
    <system value="http://hl7.org/fhir/object-type"/>
    <caseSensitive value="true"/>
    <concept>
      <code value="1"/>
      <definition value="Person."/>
    </concept>
    <concept>
      <code value="2"/>
      <definition value="System Object."/>
    </concept>
    <concept>
      <code value="3"/>
      <definition value="Organization."/>
    </concept>
    <concept>
      <code value="4"/>
      <definition value="Other."/>
    </concept>
  </define>
</ValueSet>