<?xml version="1.0" encoding="UTF-8"?>

<ValueSet xmlns="http://hl7.org/fhir">
  <text>
    <status value="generated"/>
    <div xmlns="http://www.w3.org/1999/xhtml">
      <h2>Observation Interpretation Codes</h2>
      <p>This value set defines the set of codes that can be used to indicate the meaning/use of a reference range</p>
      <p>This value set includes codes defined in other code systems, using the following rules:</p>
      <ul>
        <li>Include all codes defined in 
          <a href="v2/0078/index.html">http://hl7.org/fhir/v2/0078</a>
        </li>
      </ul>
    </div>
  </text>
  <identifier value="http://hl7.org/fhir/vs/observation-interpretation"/>
  <name value="Observation Interpretation Codes"/>
  <publisher value="FHIR Project team"/>
  <telecom>
    <system value="url"/>
    <value value="http://hl7.org/fhir"/>
  </telecom>
  <description value="This value set defines the set of codes that can be used to indicate the meaning/use of a reference range"/>
  <status value="draft"/>
  <compose>
    <include>
      <system value="http://hl7.org/fhir/v2/0078"/>
    </include>
  </compose>
</ValueSet>