<?xml version="1.0" encoding="UTF-8"?>

<ValueSet xmlns="http://hl7.org/fhir">
  <text>
    <status value="generated"/>
    <div xmlns="http://www.w3.org/1999/xhtml">
      <h2>MediaType</h2>
      <p>Whether the Media is a photo, video, or audio</p>
      <p>This value set defines its own terms in the system http://hl7.org/fhir/media-type</p>
      <table>
        <tr>
          <td>
            <b>Code</b>
          </td>
          <td>
            <b>Display</b>
          </td>
          <td>
            <b>Definition</b>
          </td>
        </tr>
        <tr>
          <td>photo
            <a name="photo"> </a>
          </td>
          <td/>
          <td>The media consists of one or more unmoving images, including photographs, computer-generated graphs and charts, and scanned documents.</td>
        </tr>
        <tr>
          <td>video
            <a name="video"> </a>
          </td>
          <td/>
          <td>The media consists of a series of frames that capture a moving image.</td>
        </tr>
        <tr>
          <td>audio
            <a name="audio"> </a>
          </td>
          <td/>
          <td>The media consists of a sound recording.</td>
        </tr>
      </table>
    </div>
  </text>
  <identifier value="http://hl7.org/fhir/vs/media-type"/>
  <name value="MediaType"/>
  <publisher value="HL7 (FHIR Project)"/>
  <telecom>
    <system value="url"/>
    <value value="http://hl7.org/fhir"/>
  </telecom>
  <telecom>
    <system value="email"/>
    <value value="fhir@lists.hl7.org"/>
  </telecom>
  <description value="Whether the Media is a photo, video, or audio"/>
  <status value="draft"/>
  <date value="2014-04-15T12:51:59.840-00:00"/>
  <define>
    <system value="http://hl7.org/fhir/media-type"/>
    <caseSensitive value="true"/>
    <concept>
      <code value="photo"/>
      <definition value="The media consists of one or more unmoving images, including photographs, computer-generated graphs and charts, and scanned documents."/>
    </concept>
    <concept>
      <code value="video"/>
      <definition value="The media consists of a series of frames that capture a moving image."/>
    </concept>
    <concept>
      <code value="audio"/>
      <definition value="The media consists of a sound recording."/>
    </concept>
  </define>
</ValueSet>