<?xml version="1.0" encoding="UTF-8"?>

<ValueSet xmlns="http://hl7.org/fhir">
  <text>
    <status value="generated"/>
    <div xmlns="http://www.w3.org/1999/xhtml">
      <h2>DocumentRelationshipType</h2>
      <p>The type of relationship between documents</p>
      <p>This value set defines its own terms in the system http://hl7.org/fhir/document-relationship-type</p>
      <table>
        <tr>
          <td>
            <b>Code</b>
          </td>
          <td>
            <b>Display</b>
          </td>
          <td>
            <b>Definition</b>
          </td>
        </tr>
        <tr>
          <td>replaces
            <a name="replaces"> </a>
          </td>
          <td/>
          <td>This document logically replaces or supercedes the target document.</td>
        </tr>
        <tr>
          <td>transforms
            <a name="transforms"> </a>
          </td>
          <td/>
          <td>This document was generated by transforming the target document (e.g. format or language conversion).</td>
        </tr>
        <tr>
          <td>signs
            <a name="signs"> </a>
          </td>
          <td/>
          <td>This document is a signature of the target document.</td>
        </tr>
        <tr>
          <td>appends
            <a name="appends"> </a>
          </td>
          <td/>
          <td>This document adds additional information to the target document.</td>
        </tr>
      </table>
    </div>
  </text>
  <identifier value="http://hl7.org/fhir/vs/document-relationship-type"/>
  <name value="DocumentRelationshipType"/>
  <publisher value="HL7 (FHIR Project)"/>
  <telecom>
    <system value="url"/>
    <value value="http://hl7.org/fhir"/>
  </telecom>
  <telecom>
    <system value="email"/>
    <value value="fhir@lists.hl7.org"/>
  </telecom>
  <description value="The type of relationship between documents"/>
  <status value="draft"/>
  <date value="2014-04-12T04:31:04.014-00:00"/>
  <define>
    <system value="http://hl7.org/fhir/document-relationship-type"/>
    <caseSensitive value="true"/>
    <concept>
      <code value="replaces"/>
      <definition value="This document logically replaces or supercedes the target document."/>
    </concept>
    <concept>
      <code value="transforms"/>
      <definition value="This document was generated by transforming the target document (e.g. format or language conversion)."/>
    </concept>
    <concept>
      <code value="signs"/>
      <definition value="This document is a signature of the target document."/>
    </concept>
    <concept>
      <code value="appends"/>
      <definition value="This document adds additional information to the target document."/>
    </concept>
  </define>
</ValueSet>