<?xml version="1.0" encoding="UTF-8"?>

<ValueSet xmlns="http://hl7.org/fhir">
  <text>
    <status value="generated"/>
    <div xmlns="http://www.w3.org/1999/xhtml">
      <h2>NameUse</h2>
      <p>The use of a human name</p>
      <p>This value set defines its own terms in the system http://hl7.org/fhir/name-use</p>
      <table>
        <tr>
          <td>
            <b>Code</b>
          </td>
          <td>
            <b>Display</b>
          </td>
          <td>
            <b>Definition</b>
          </td>
          <td>
            <b>
              <a href="v3/EntityNameUseR2/index.html">v3 Map (EntityNameUseR2)</a>
            </b>
          </td>
          <td>
            <b>
              <a href="v2/0200/index.html">v2 Map (0200)</a>
            </b>
          </td>
        </tr>
        <tr>
          <td>usual
            <a name="usual"> </a>
          </td>
          <td/>
          <td>Known as/conventional/the one you normally use.</td>
          <td>
            <span title="equal">=</span>
            <a href="v3/EntityNameUseR2/index.html#C">C</a>
          </td>
          <td>
            <span title="equivalent">~</span>
            <a href="v2/0200/index.html#D">D</a>
          </td>
        </tr>
        <tr>
          <td>official
            <a name="official"> </a>
          </td>
          <td/>
          <td>The formal name as registered in an official (government) registry, but which name might not be commonly used. May be called &quot;legal name&quot;.</td>
          <td>
            <span title="equal">=</span>
            <a href="v3/EntityNameUseR2/index.html#OR">OR</a>
          </td>
          <td>
            <span title="equivalent">~</span>
            <a href="v2/0200/index.html#L">L</a>
          </td>
        </tr>
        <tr>
          <td>temp
            <a name="temp"> </a>
          </td>
          <td/>
          <td>A temporary name. Name.period can provide more detailed information. This may also be used for temporary names assigned at birth or in emergency situations.</td>
          <td>
            <span title="equal">=</span>
            <a href="v3/EntityNameUseR2/index.html#T">T</a>
          </td>
          <td>
            <span title="equivalent">~</span>
            <a href="v2/0200/index.html#TEMP">TEMP</a>
          </td>
        </tr>
        <tr>
          <td>nickname
            <a name="nickname"> </a>
          </td>
          <td/>
          <td>A name that is used to address the person in an informal manner, but is not part of their formal or usual name.</td>
          <td>
            <span title="equivalent">~</span>
            <a href="v3/EntityNameUseR2/index.html#P">P</a>
          </td>
          <td>
            <span title="equivalent">~</span>
            <a href="v2/0200/index.html#N">N</a>
          </td>
        </tr>
        <tr>
          <td>anonymous
            <a name="anonymous"> </a>
          </td>
          <td/>
          <td>Anonymous assigned name, alias, or pseudonym (used to protect a person&#39;s identity for privacy reasons).</td>
          <td>
            <span title="equivalent">~</span>
            <a href="v3/EntityNameUseR2/index.html#ANON">ANON</a>
          </td>
          <td>
            <span title="equivalent">~</span>
            <a href="v2/0200/index.html#S">S</a>
          </td>
        </tr>
        <tr>
          <td>old
            <a name="old"> </a>
          </td>
          <td/>
          <td>This name is no longer in use (or was never correct, but retained for records).</td>
          <td>
            <span title="equivalent">~</span>
            <a href="v3/EntityNameUseR2/index.html#OLD">OLD</a>
          </td>
          <td>
            <span title="narrower">&gt;</span>
            <a href="v2/0200/index.html#NOUSE">NOUSE</a>
            <br/>
            <span title="narrower">&gt;</span>
            <a href="v2/0200/index.html#BAD">BAD</a>
          </td>
        </tr>
        <tr>
          <td>maiden
            <a name="maiden"> </a>
          </td>
          <td/>
          <td>A name used prior to marriage. Marriage naming customs vary greatly around the world. This name use is for use by applications that collect and store &quot;maiden&quot; names. Though the concept of maiden name is often gender specific, the use of this term is not gender specific. The use of this term does not imply any particular history for a person&#39;s name, nor should the maiden name be determined algorithmically.</td>
          <td>
            <span title="equal">=</span>
            <a href="v3/EntityNameUseR2/index.html#M">M</a>
          </td>
          <td>
            <span title="equivalent">~</span>
            <a href="v2/0200/index.html#M">M</a>
          </td>
        </tr>
      </table>
    </div>
  </text>
  <identifier value="http://hl7.org/fhir/vs/name-use"/>
  <name value="NameUse"/>
  <publisher value="HL7 (FHIR Project)"/>
  <telecom>
    <system value="url"/>
    <value value="http://hl7.org/fhir"/>
  </telecom>
  <telecom>
    <system value="email"/>
    <value value="fhir@lists.hl7.org"/>
  </telecom>
  <description value="The use of a human name"/>
  <status value="draft"/>
  <date value="2014-04-10T08:35:03.572-00:00"/>
  <define>
    <system value="http://hl7.org/fhir/name-use"/>
    <caseSensitive value="true"/>
    <concept>
      <code value="usual"/>
      <definition value="Known as/conventional/the one you normally use."/>
    </concept>
    <concept>
      <code value="official"/>
      <definition value="The formal name as registered in an official (government) registry, but which name might not be commonly used. May be called &quot;legal name&quot;."/>
    </concept>
    <concept>
      <code value="temp"/>
      <definition value="A temporary name. Name.period can provide more detailed information. This may also be used for temporary names assigned at birth or in emergency situations."/>
    </concept>
    <concept>
      <code value="nickname"/>
      <definition value="A name that is used to address the person in an informal manner, but is not part of their formal or usual name."/>
    </concept>
    <concept>
      <code value="anonymous"/>
      <definition value="Anonymous assigned name, alias, or pseudonym (used to protect a person&#39;s identity for privacy reasons)."/>
    </concept>
    <concept>
      <code value="old"/>
      <definition value="This name is no longer in use (or was never correct, but retained for records)."/>
    </concept>
    <concept>
      <code value="maiden"/>
      <definition value="A name used prior to marriage. Marriage naming customs vary greatly around the world. This name use is for use by applications that collect and store &quot;maiden&quot; names. Though the concept of maiden name is often gender specific, the use of this term is not gender specific. The use of this term does not imply any particular history for a person&#39;s name, nor should the maiden name be determined algorithmically."/>
    </concept>
  </define>
</ValueSet>