{
  "resourceType": "ConceptMap",
  "text": {
    "status": "generated",
    "div": "<div><h2>v3 map for CompositionStatus (http://hl7.org/fhir/cm/v3/composition-status)</h2><p>Mapping from <a href=\"composition-status.html\">http://hl7.org/fhir/vs/composition-status</a> to <a href=\"v3/ActStatus/index.html\">http://hl7.org/fhir/v3/vs/ActStatus</a></p><p>Draft. Published on 15-Apr 2014 18:10 by HL7 (FHIR Project) (<a href=\"http://hl7.org/fhir\">http://hl7.org/fhir</a>, <a href=\"mailto:fhir@lists.hl7.org\">fhir@lists.hl7.org</a>). </p><p>v3 Map (ActStatus)</p><br/><table class=\"grid\"><tr><td><b>Source Code</b></td><td><b>Equivalence</b></td><td><b>Destination Code</b></td></tr><tr><td>preliminary</td><td>equivalent</td><td>active (active)</td></tr><tr><td>final</td><td>wider</td><td>completed (completed)</td></tr><tr><td>appended</td><td>wider</td><td>completed (completed)</td></tr><tr><td>amended</td><td>wider</td><td>completed (completed)</td></tr><tr><td>entered in error</td><td>equivalent</td><td>nullified (nullified)</td></tr></table></div>"
  },
  "identifier": "http://hl7.org/fhir/cm/v3/composition-status",
  "name": "v3 map for CompositionStatus",
  "publisher": "HL7 (FHIR Project)",
  "telecom": [
    {
      "system": "url",
      "value": "http://hl7.org/fhir"
    },
    {
      "system": "email",
      "value": "fhir@lists.hl7.org"
    }
  ],
  "description": "v3 Map (ActStatus)",
  "status": "draft",
  "date": "2014-04-15T18:10:21.320-00:00",
  "source": {
    "reference": "http://hl7.org/fhir/vs/composition-status"
  },
  "target": {
    "reference": "http://hl7.org/fhir/v3/vs/ActStatus"
  },
  "concept": [
    {
      "system": "http://hl7.org/fhir/composition-status",
      "code": "preliminary",
      "map": [
        {
          "system": "http://hl7.org/fhir/v3/ActStatus",
          "code": "active",
          "equivalence": "equivalent"
        }
      ]
    },
    {
      "system": "http://hl7.org/fhir/composition-status",
      "code": "final",
      "map": [
        {
          "system": "http://hl7.org/fhir/v3/ActStatus",
          "code": "completed",
          "equivalence": "wider"
        }
      ]
    },
    {
      "system": "http://hl7.org/fhir/composition-status",
      "code": "appended",
      "map": [
        {
          "system": "http://hl7.org/fhir/v3/ActStatus",
          "code": "completed",
          "equivalence": "wider"
        }
      ]
    },
    {
      "system": "http://hl7.org/fhir/composition-status",
      "code": "amended",
      "map": [
        {
          "system": "http://hl7.org/fhir/v3/ActStatus",
          "code": "completed",
          "equivalence": "wider"
        }
      ]
    },
    {
      "system": "http://hl7.org/fhir/composition-status",
      "code": "entered in error",
      "map": [
        {
          "system": "http://hl7.org/fhir/v3/ActStatus",
          "code": "nullified",
          "equivalence": "equivalent"
        }
      ]
    }
  ]
}