<?xml version="1.0" encoding="UTF-8"?>

<ConceptMap xmlns="http://hl7.org/fhir">
  <text>
    <status value="generated"/>
    <div xmlns="http://www.w3.org/1999/xhtml">
      <h2>v3 map for ObservationRelationshipType (http://hl7.org/fhir/cm/v3/observation-relationshiptypes)</h2>
      <p>Mapping from 
        <a href="observation-relationshiptypes.html">http://hl7.org/fhir/vs/observation-relationshiptypes</a> to 
        <a href="v3/ActRelationshipType/index.html">http://hl7.org/fhir/v3/vs/ActRelationshipType</a>
      </p>
      <p>Draft. Published on 15-Apr 2014 6:55 by HL7 (FHIR Project) (
        <a href="http://hl7.org/fhir">http://hl7.org/fhir</a>, 
        <a href="mailto:fhir@lists.hl7.org">fhir@lists.hl7.org</a>). 
      </p>
      <p>v3 Map (ActRrelationshipType)</p>
      <br/>
      <table class="grid">
        <tr>
          <td>
            <b>Source Code</b>
          </td>
          <td>
            <b>Equivalence</b>
          </td>
          <td>
            <b>Destination Code</b>
          </td>
        </tr>
        <tr>
          <td>has-component</td>
          <td>equal</td>
          <td>COMP</td>
        </tr>
        <tr>
          <td>has-member</td>
          <td>equal</td>
          <td>MBR</td>
        </tr>
        <tr>
          <td>derived-from</td>
          <td>equal</td>
          <td>DRIV</td>
        </tr>
        <tr>
          <td>sequel-to</td>
          <td>equal</td>
          <td>SEQL</td>
        </tr>
        <tr>
          <td>replaces</td>
          <td>equal</td>
          <td>RPLC</td>
        </tr>
        <tr>
          <td>qualified-by</td>
          <td>equal</td>
          <td>QUALF</td>
        </tr>
        <tr>
          <td>interfered-by</td>
          <td>equal</td>
          <td>INTF</td>
        </tr>
      </table>
    </div>
  </text>
  <identifier value="http://hl7.org/fhir/cm/v3/observation-relationshiptypes"/>
  <name value="v3 map for ObservationRelationshipType"/>
  <publisher value="HL7 (FHIR Project)"/>
  <telecom>
    <system value="url"/>
    <value value="http://hl7.org/fhir"/>
  </telecom>
  <telecom>
    <system value="email"/>
    <value value="fhir@lists.hl7.org"/>
  </telecom>
  <description value="v3 Map (ActRrelationshipType)"/>
  <status value="draft"/>
  <date value="2014-04-15T06:55:44.275-00:00"/>
  <source>
    <reference value="http://hl7.org/fhir/vs/observation-relationshiptypes"/>
  </source>
  <target>
    <reference value="http://hl7.org/fhir/v3/vs/ActRelationshipType"/>
  </target>
  <concept>
    <system value="http://hl7.org/fhir/observation-relationshiptypes"/>
    <code value="has-component"/>
    <map>
      <system value="http://hl7.org/fhir/v3/ActRrelationshipType"/>
      <code value="COMP"/>
      <equivalence value="equal"/>
    </map>
  </concept>
  <concept>
    <system value="http://hl7.org/fhir/observation-relationshiptypes"/>
    <code value="has-member"/>
    <map>
      <system value="http://hl7.org/fhir/v3/ActRrelationshipType"/>
      <code value="MBR"/>
      <equivalence value="equal"/>
    </map>
  </concept>
  <concept>
    <system value="http://hl7.org/fhir/observation-relationshiptypes"/>
    <code value="derived-from"/>
    <map>
      <system value="http://hl7.org/fhir/v3/ActRrelationshipType"/>
      <code value="DRIV"/>
      <equivalence value="equal"/>
    </map>
  </concept>
  <concept>
    <system value="http://hl7.org/fhir/observation-relationshiptypes"/>
    <code value="sequel-to"/>
    <map>
      <system value="http://hl7.org/fhir/v3/ActRrelationshipType"/>
      <code value="SEQL"/>
      <equivalence value="equal"/>
    </map>
  </concept>
  <concept>
    <system value="http://hl7.org/fhir/observation-relationshiptypes"/>
    <code value="replaces"/>
    <map>
      <system value="http://hl7.org/fhir/v3/ActRrelationshipType"/>
      <code value="RPLC"/>
      <equivalence value="equal"/>
    </map>
  </concept>
  <concept>
    <system value="http://hl7.org/fhir/observation-relationshiptypes"/>
    <code value="qualified-by"/>
    <map>
      <system value="http://hl7.org/fhir/v3/ActRrelationshipType"/>
      <code value="QUALF"/>
      <equivalence value="equal"/>
    </map>
  </concept>
  <concept>
    <system value="http://hl7.org/fhir/observation-relationshiptypes"/>
    <code value="interfered-by"/>
    <map>
      <system value="http://hl7.org/fhir/v3/ActRrelationshipType"/>
      <code value="INTF"/>
      <equivalence value="equal"/>
    </map>
  </concept>
</ConceptMap>