<?xml version="1.0" encoding="UTF-8"?>

<ValueSet xmlns="http://hl7.org/fhir">
  <text>
    <status value="generated"/>
    <div xmlns="http://www.w3.org/1999/xhtml">
      <h2>DiagnosticOrderPriority</h2>
      <p>The clinical priority of a diagnostic order</p>
      <p>This value set defines its own terms in the system http://hl7.org/fhir/diagnostic-order-priority</p>
      <table>
        <tr>
          <td>
            <b>Code</b>
          </td>
          <td>
            <b>Display</b>
          </td>
          <td>
            <b>Definition</b>
          </td>
        </tr>
        <tr>
          <td>routine
            <a name="routine"> </a>
          </td>
          <td>Routine</td>
          <td>The order has a normal priority.</td>
        </tr>
        <tr>
          <td>urgent
            <a name="urgent"> </a>
          </td>
          <td>Urgent</td>
          <td>The order should be urgently.</td>
        </tr>
        <tr>
          <td>stat
            <a name="stat"> </a>
          </td>
          <td>Stat</td>
          <td>The order is time-critical.</td>
        </tr>
        <tr>
          <td>asap
            <a name="asap"> </a>
          </td>
          <td>ASAP</td>
          <td>The order should be acted on as soon as possible.</td>
        </tr>
      </table>
    </div>
  </text>
  <identifier value="http://hl7.org/fhir/vs/diagnostic-order-priority"/>
  <name value="DiagnosticOrderPriority"/>
  <publisher value="HL7 (FHIR Project)"/>
  <telecom>
    <system value="url"/>
    <value value="http://hl7.org/fhir"/>
  </telecom>
  <telecom>
    <system value="email"/>
    <value value="fhir@lists.hl7.org"/>
  </telecom>
  <description value="The clinical priority of a diagnostic order"/>
  <status value="draft"/>
  <date value="2014-04-15T03:36:34.147-00:00"/>
  <define>
    <system value="http://hl7.org/fhir/diagnostic-order-priority"/>
    <caseSensitive value="true"/>
    <concept>
      <code value="routine"/>
      <display value="Routine"/>
      <definition value="The order has a normal priority."/>
    </concept>
    <concept>
      <code value="urgent"/>
      <display value="Urgent"/>
      <definition value="The order should be urgently."/>
    </concept>
    <concept>
      <code value="stat"/>
      <display value="Stat"/>
      <definition value="The order is time-critical."/>
    </concept>
    <concept>
      <code value="asap"/>
      <display value="ASAP"/>
      <definition value="The order should be acted on as soon as possible."/>
    </concept>
  </define>
</ValueSet>