<?xml version="1.0" encoding="UTF-8"?>

<ValueSet xmlns="http://hl7.org/fhir">
  <text>
    <status value="generated"/>
    <div xmlns="http://www.w3.org/1999/xhtml">
      <h2>MessageSignificanceCategory</h2>
      <p>The impact of the content of a message</p>
      <p>This value set defines its own terms in the system http://hl7.org/fhir/message-significance-category</p>
      <table>
        <tr>
          <td>
            <b>Code</b>
          </td>
          <td>
            <b>Display</b>
          </td>
          <td>
            <b>Definition</b>
          </td>
        </tr>
        <tr>
          <td>Consequence
            <a name="Consequence"> </a>
          </td>
          <td/>
          <td>The message represents/requests a change that should not be processed more than once. E.g. Making a booking for an appointment.</td>
        </tr>
        <tr>
          <td>Currency
            <a name="Currency"> </a>
          </td>
          <td/>
          <td>The message represents a response to query for current information. Retrospective processing is wrong and/or wasteful.</td>
        </tr>
        <tr>
          <td>Notification
            <a name="Notification"> </a>
          </td>
          <td/>
          <td>The content is not necessarily intended to be current, and it can be reprocessed, though there may be version issues created by processing old notifications.</td>
        </tr>
      </table>
    </div>
  </text>
  <identifier value="http://hl7.org/fhir/vs/message-significance-category"/>
  <name value="MessageSignificanceCategory"/>
  <publisher value="HL7 (FHIR Project)"/>
  <telecom>
    <system value="url"/>
    <value value="http://hl7.org/fhir"/>
  </telecom>
  <telecom>
    <system value="email"/>
    <value value="fhir@lists.hl7.org"/>
  </telecom>
  <description value="The impact of the content of a message"/>
  <status value="draft"/>
  <date value="2014-04-15T19:53:37.086-00:00"/>
  <define>
    <system value="http://hl7.org/fhir/message-significance-category"/>
    <caseSensitive value="true"/>
    <concept>
      <code value="Consequence"/>
      <definition value="The message represents/requests a change that should not be processed more than once. E.g. Making a booking for an appointment."/>
    </concept>
    <concept>
      <code value="Currency"/>
      <definition value="The message represents a response to query for current information. Retrospective processing is wrong and/or wasteful."/>
    </concept>
    <concept>
      <code value="Notification"/>
      <definition value="The content is not necessarily intended to be current, and it can be reprocessed, though there may be version issues created by processing old notifications."/>
    </concept>
  </define>
</ValueSet>