<?xml version="1.0" encoding="UTF-8"?>

<ValueSet xmlns="http://hl7.org/fhir">
  <text>
    <status value="generated"/>
    <div xmlns="http://www.w3.org/1999/xhtml">
      This value set includes all LOINC codes (TODO: can we exclude panels without excluding too much?)
    
      <hr/>
      <h2>LOINC Codes</h2>
      <p>This value set includes all LOINC codes</p>
      <p>This value set includes codes defined in other code systems, using the following rules:</p>
      <ul>
        <li>Include all codes defined in http://loinc.org</li>
      </ul>
    </div>
  </text>
  <identifier value="http://hl7.org/fhir/vs/observation-codes"/>
  <name value="LOINC Codes"/>
  <publisher value="FHIR Project team"/>
  <telecom>
    <system value="url"/>
    <value value="http://hl7.org/fhir"/>
  </telecom>
  <description value="This value set includes all LOINC codes"/>
  <status value="draft"/>
  <compose>
    <include>
      <system value="http://loinc.org"/>
    </include>
  </compose>
</ValueSet>