{
  "resourceType": "ConceptMap",
  "text": {
    "status": "generated",
    "div": "<div><h2>v2 map for NameUse (http://hl7.org/fhir/cm/v2/name-use)</h2><p>Mapping from <a href=\"name-use.html\">http://hl7.org/fhir/vs/name-use</a> to <a href=\"v2/0200/index.html\">http://hl7.org/fhir/v2/vs/0200</a></p><p>Draft. Published on 15-Apr 2014 19:53 by HL7 (FHIR Project) (<a href=\"http://hl7.org/fhir\">http://hl7.org/fhir</a>, <a href=\"mailto:fhir@lists.hl7.org\">fhir@lists.hl7.org</a>). </p><p>v2 Map (0200)</p><br/><table class=\"grid\"><tr><td><b>Source Code</b></td><td><b>Equivalence</b></td><td><b>Destination Code</b></td></tr><tr><td>usual</td><td>equivalent</td><td>D (Customary Name)</td></tr><tr><td>official</td><td>equivalent</td><td>L (Official Registry Name)</td></tr><tr><td>temp</td><td>equivalent</td><td>TEMP (Temporary Name)</td></tr><tr><td>nickname</td><td>equivalent</td><td>N (Nickname)</td></tr><tr><td>anonymous</td><td>equivalent</td><td>S (Pseudonym)</td></tr><tr><td>old</td><td>narrower</td><td>NOUSE (No Longer To Be Used)</td></tr><tr><td>old</td><td>narrower</td><td>BAD (Bad Name)</td></tr><tr><td>maiden</td><td>equivalent</td><td>M (Maiden Name)</td></tr></table></div>"
  },
  "identifier": "http://hl7.org/fhir/cm/v2/name-use",
  "name": "v2 map for NameUse",
  "publisher": "HL7 (FHIR Project)",
  "telecom": [
    {
      "system": "url",
      "value": "http://hl7.org/fhir"
    },
    {
      "system": "email",
      "value": "fhir@lists.hl7.org"
    }
  ],
  "description": "v2 Map (0200)",
  "status": "draft",
  "date": "2014-04-15T19:53:38.256-00:00",
  "source": {
    "reference": "http://hl7.org/fhir/vs/name-use"
  },
  "target": {
    "reference": "http://hl7.org/fhir/v2/vs/0200"
  },
  "concept": [
    {
      "system": "http://hl7.org/fhir/name-use",
      "code": "usual",
      "map": [
        {
          "system": "http://hl7.org/fhir/v2/0200",
          "code": "D",
          "equivalence": "equivalent"
        }
      ]
    },
    {
      "system": "http://hl7.org/fhir/name-use",
      "code": "official",
      "map": [
        {
          "system": "http://hl7.org/fhir/v2/0200",
          "code": "L",
          "equivalence": "equivalent"
        }
      ]
    },
    {
      "system": "http://hl7.org/fhir/name-use",
      "code": "temp",
      "map": [
        {
          "system": "http://hl7.org/fhir/v2/0200",
          "code": "TEMP",
          "equivalence": "equivalent"
        }
      ]
    },
    {
      "system": "http://hl7.org/fhir/name-use",
      "code": "nickname",
      "map": [
        {
          "system": "http://hl7.org/fhir/v2/0200",
          "code": "N",
          "equivalence": "equivalent"
        }
      ]
    },
    {
      "system": "http://hl7.org/fhir/name-use",
      "code": "anonymous",
      "map": [
        {
          "system": "http://hl7.org/fhir/v2/0200",
          "code": "S",
          "equivalence": "equivalent"
        }
      ]
    },
    {
      "system": "http://hl7.org/fhir/name-use",
      "code": "old",
      "map": [
        {
          "system": "http://hl7.org/fhir/v2/0200",
          "code": "NOUSE",
          "equivalence": "narrower"
        }
      ]
    },
    {
      "system": "http://hl7.org/fhir/name-use",
      "code": "old",
      "map": [
        {
          "system": "http://hl7.org/fhir/v2/0200",
          "code": "BAD",
          "equivalence": "narrower"
        }
      ]
    },
    {
      "system": "http://hl7.org/fhir/name-use",
      "code": "maiden",
      "map": [
        {
          "system": "http://hl7.org/fhir/v2/0200",
          "code": "M",
          "equivalence": "equivalent"
        }
      ]
    }
  ]
}