<?xml version="1.0" encoding="UTF-8"?>

<ValueSet xmlns="http://hl7.org/fhir">
  <text>
    <status value="generated"/>
    <div xmlns="http://www.w3.org/1999/xhtml">
      <h2>Document Section Codes</h2>
      <p>Document section codes - all LOINC codes</p>
      <p>This value set includes codes defined in other code systems, using the following rules:</p>
      <ul>
        <li>Include all codes defined in http://loinc.org</li>
      </ul>
    </div>
  </text>
  <identifier value="http://hl7.org/fhir/vs/doc-section-codes"/>
  <name value="Document Section Codes"/>
  <publisher value="HL7"/>
  <telecom>
    <system value="url"/>
    <value value="http://hl7.org"/>
  </telecom>
  <description value="Document section codes - all LOINC codes"/>
  <status value="draft"/>
  <compose>
    <include>
      <system value="http://loinc.org"/>
    </include>
  </compose>
</ValueSet>