<?xml version="1.0" encoding="UTF-8"?>

<ValueSet xmlns="http://hl7.org/fhir">
  <text>
    <status value="extensions"/>
    <div xmlns="http://www.w3.org/1999/xhtml">
      <h2>List Empty Reasons</h2>
      <p>General reasons for a list to be empty. Reasons are either related to a summary list (i.e. problem or medication list) or to a workflow related list (i.e. consultation list)</p>
      <p>This value set defines its own terms in the system http://hl7.org/fhir/list-empty-reason</p>
      <table>
        <tr>
          <td>
            <b>Code</b>
          </td>
          <td>
            <b>Display</b>
          </td>
          <td>
            <b>Definition</b>
          </td>
          <td>
            <b>Comments</b>
          </td>
        </tr>
        <tr>
          <td>nilknown
            <a name="nilknown"> </a>
          </td>
          <td>Nil Known</td>
          <td>Clinical judgement that there are no known items for this list after reasonable investigation. Note that this a positive statement by a clinical user, and not a default position asserted by a computer system in the lack of other information. Example uses:
            <br/> * For allergies: the patient or patient&#39;s agent/guardian has asserted that he/she is not aware of any allergies (NKA - nil known allergies)
            <br/> * For medications: the patient or patient&#39;s agent/guardian has asserted that the patient is known to be taking no medications
            <br/> * For diagnoses, problems and procedures: the patient or patient&#39;s agent/guardian has asserted that there is no known event to record.
          </td>
          <td>Other language is sometimes used for this concept, such as &#39;no significant [x] known&#39;.
            <br/>SNOMED CT includes many codes for this general concept, but no single generalisation. If using SNOMED CT, use this code and the appropriate specific SNOMED CT code
          </td>
        </tr>
        <tr>
          <td>notasked
            <a name="notasked"> </a>
          </td>
          <td>Not Asked</td>
          <td>THe investigation to find out whether there are items for this list has not occurred</td>
          <td/>
        </tr>
        <tr>
          <td>withheld
            <a name="withheld"> </a>
          </td>
          <td>Information Withheld</td>
          <td>Information was not provided due to privacy or confidentiality concerns. Note that it should not be assumed that this means that the particular information in question was withheld due to it&#39;s contents - it can also be a policy decision</td>
          <td>In spite of the definition, this code should be used carefully as it represents potential information leakage or the perception thereof</td>
        </tr>
        <tr>
          <td>notstarted
            <a name="notstarted"> </a>
          </td>
          <td>Not Started</td>
          <td>The work to populate this list has not yet begun</td>
          <td/>
        </tr>
        <tr>
          <td>closed
            <a name="closed"> </a>
          </td>
          <td>Closed</td>
          <td>This list has now closed or has ceased to be relevant or useful</td>
          <td/>
        </tr>
      </table>
    </div>
  </text>
  <identifier value="http://hl7.org/fhir/vs/list-empty-reason"/>
  <name value="List Empty Reasons"/>
  <publisher value="FHIR Project"/>
  <telecom>
    <system value="url"/>
    <value value="http://hl7.org/fhir"/>
  </telecom>
  <description value="General reasons for a list to be empty. Reasons are either related to a summary list (i.e. problem or medication list) or to a workflow related list (i.e. consultation list)"/>
  <status value="draft"/>
  <define>
    <system value="http://hl7.org/fhir/list-empty-reason"/>
    <concept>
      <extension url="http://hl7.org/fhir/Profile/tools-extensions#comment">
        <valueString value="Other language is sometimes used for this concept, such as &#39;no significant [x] known&#39;.
SNOMED CT includes many codes for this general concept, but no single generalisation. If using SNOMED CT, use this code and the appropriate specific SNOMED CT code"/>
      </extension>
      <code value="nilknown"/>
      <display value="Nil Known"/>
      <definition value="Clinical judgement that there are no known items for this list after reasonable investigation. Note that this a positive statement by a clinical user, and not a default position asserted by a computer system in the lack of other information. Example uses:
 * For allergies: the patient or patient&#39;s agent/guardian has asserted that he/she is not aware of any allergies (NKA - nil known allergies)
 * For medications: the patient or patient&#39;s agent/guardian has asserted that the patient is known to be taking no medications
 * For diagnoses, problems and procedures: the patient or patient&#39;s agent/guardian has asserted that there is no known event to record."/>
    </concept>
    <concept>
      <code value="notasked"/>
      <display value="Not Asked"/>
      <definition value="THe investigation to find out whether there are items for this list has not occurred"/>
    </concept>
    <concept>
      <extension url="http://hl7.org/fhir/Profile/tools-extensions#comment">
        <valueString value="In spite of the definition, this code should be used carefully as it represents potential information leakage or the perception thereof"/>
      </extension>
      <code value="withheld"/>
      <display value="Information Withheld"/>
      <definition value="Information was not provided due to privacy or confidentiality concerns. Note that it should not be assumed that this means that the particular information in question was withheld due to it&#39;s contents - it can also be a policy decision"/>
    </concept>
    <concept>
      <code value="notstarted"/>
      <display value="Not Started"/>
      <definition value="The work to populate this list has not yet begun"/>
    </concept>
    <concept>
      <code value="closed"/>
      <display value="Closed"/>
      <definition value="This list has now closed or has ceased to be relevant or useful"/>
    </concept>
  </define>
</ValueSet>