<?xml version="1.0" encoding="UTF-8"?>

<ValueSet xmlns="http://hl7.org/fhir">
  <text>
    <status value="generated"/>
    <div xmlns="http://www.w3.org/1999/xhtml">
      <h2>SlicingRules</h2>
      <p>How slices are interpreted when evaluating an instance</p>
      <p>This value set defines its own terms in the system http://hl7.org/fhir/resource-slicing-rules</p>
      <table>
        <tr>
          <td>
            <b>Code</b>
          </td>
          <td>
            <b>Display</b>
          </td>
          <td>
            <b>Definition</b>
          </td>
        </tr>
        <tr>
          <td>closed
            <a name="closed"> </a>
          </td>
          <td/>
          <td>No additional content is allowed other than that described by the slices in this profile.</td>
        </tr>
        <tr>
          <td>open
            <a name="open"> </a>
          </td>
          <td/>
          <td>Additional content is allowed anywhere in the list.</td>
        </tr>
        <tr>
          <td>openAtEnd
            <a name="openAtEnd"> </a>
          </td>
          <td/>
          <td>Additional content is allowed, but only at the end of the list.</td>
        </tr>
      </table>
    </div>
  </text>
  <identifier value="http://hl7.org/fhir/vs/resource-slicing-rules"/>
  <name value="SlicingRules"/>
  <publisher value="HL7 (FHIR Project)"/>
  <telecom>
    <system value="url"/>
    <value value="http://hl7.org/fhir"/>
  </telecom>
  <telecom>
    <system value="email"/>
    <value value="fhir@lists.hl7.org"/>
  </telecom>
  <description value="How slices are interpreted when evaluating an instance"/>
  <status value="draft"/>
  <date value="2014-04-10T02:22:13.308-00:00"/>
  <define>
    <system value="http://hl7.org/fhir/resource-slicing-rules"/>
    <caseSensitive value="true"/>
    <concept>
      <code value="closed"/>
      <definition value="No additional content is allowed other than that described by the slices in this profile."/>
    </concept>
    <concept>
      <code value="open"/>
      <definition value="Additional content is allowed anywhere in the list."/>
    </concept>
    <concept>
      <code value="openAtEnd"/>
      <definition value="Additional content is allowed, but only at the end of the list."/>
    </concept>
  </define>
</ValueSet>