<?xml version="1.0" encoding="UTF-8"?>

<ValueSet xmlns="http://hl7.org/fhir">
  <text>
    <status value="generated"/>
    <div xmlns="http://www.w3.org/1999/xhtml">
      <h2>Observation Reference Range Meaning Codes</h2>
      <p>This value set defines a set of codes that can be used to indicate the meaning/use of a reference range</p>
      <p>This value set defines its own terms in the system http://hl7.org/fhir/referencerange-meaning</p>
      <table>
        <tr>
          <td>
            <b>Code</b>
          </td>
          <td>
            <b>Display</b>
          </td>
          <td>
            <b>Definition</b>
          </td>
        </tr>
        <tr>
          <td>type
            <a name="type"> </a>
          </td>
          <td/>
          <td>General types of reference range</td>
        </tr>
        <tr>
          <td>..normal
            <a name="normal"> </a>
          </td>
          <td>Normal Range</td>
          <td>Based on 95th percentile for the relevant control population</td>
        </tr>
        <tr>
          <td>..recommended
            <a name="recommended"> </a>
          </td>
          <td>Recommended Range</td>
          <td>The range that is recommended by a relevant professional body</td>
        </tr>
        <tr>
          <td>..treatment
            <a name="treatment"> </a>
          </td>
          <td>Treatment Range</td>
          <td>The range at which treatment would/should be considered</td>
        </tr>
        <tr>
          <td>..therapeutic
            <a name="therapeutic"> </a>
          </td>
          <td>Therapeutic Desired Level</td>
          <td>The optimal range for best therapeutic outcomes</td>
        </tr>
        <tr>
          <td>....pre
            <a name="pre"> </a>
          </td>
          <td>Pre Therapeutic Desired Level</td>
          <td>The optimal range for best therapeutic outcomes for a specimen taken immediately before administration</td>
        </tr>
        <tr>
          <td>....post
            <a name="post"> </a>
          </td>
          <td>Post Therapeutic Desired Level</td>
          <td>The optimal range for best therapeutic outcomes for a specimen taken immediately after administration</td>
        </tr>
        <tr>
          <td>endocrine
            <a name="endocrine"> </a>
          </td>
          <td/>
          <td>Endocrine related states that change the expected value</td>
        </tr>
        <tr>
          <td>..pre-puberty
            <a name="pre-puberty"> </a>
          </td>
          <td>Pre-Puberty</td>
          <td>An expected range in an individual prior to puberty</td>
        </tr>
        <tr>
          <td>..follicular
            <a name="follicular"> </a>
          </td>
          <td>Follicular Stage</td>
          <td>An expected range in an individual during the follicular stage of the cycle</td>
        </tr>
        <tr>
          <td>..midcycle
            <a name="midcycle"> </a>
          </td>
          <td>MidCycle</td>
          <td>An expected range in an individual during the follicular stage of the cycle</td>
        </tr>
        <tr>
          <td>..luteal
            <a name="luteal"> </a>
          </td>
          <td>Luteal</td>
          <td>An expected range in an individual during the luteal stage of the cycle</td>
        </tr>
        <tr>
          <td>..postmeopausal
            <a name="postmeopausal"> </a>
          </td>
          <td>Post-Menopause</td>
          <td>An expected range in an individual post-menopause</td>
        </tr>
      </table>
      <p>In addition, this value set includes codes defined in other code systems, using the following rules:</p>
      <ul>
        <li>Import all the codes that are part of 
          <a href="v3/Race/index.html">http://hl7.org/fhir/v3/vs/Race</a>
        </li>
        <li>Include these codes as defined in http://snomed.info/sct
          <table>
            <tr>
              <td>
                <b>Code</b>
              </td>
              <td>
                <b>Display</b>
              </td>
              <td>
                <b>Definition</b>
              </td>
            </tr>
            <tr>
              <td>248153007</td>
              <td>Male</td>
              <td/>
            </tr>
            <tr>
              <td>248152002</td>
              <td>Female</td>
              <td/>
            </tr>
            <tr>
              <td>77386006</td>
              <td>Pregnant</td>
              <td/>
            </tr>
          </table>
        </li>
      </ul>
    </div>
  </text>
  <identifier value="http://hl7.org/fhir/vs/referencerange-meaning"/>
  <name value="Observation Reference Range Meaning Codes"/>
  <publisher value="FHIR Project team"/>
  <telecom>
    <system value="url"/>
    <value value="http://hl7.org/fhir"/>
  </telecom>
  <description value="This value set defines a set of codes that can be used to indicate the meaning/use of a reference range"/>
  <status value="draft"/>
  <define>
    <system value="http://hl7.org/fhir/referencerange-meaning"/>
    <caseSensitive value="true"/>
    <concept>
      <code value="type"/>
      <abstract value="true"/>
      <definition value="General types of reference range"/>
      <concept>
        <code value="normal"/>
        <display value="Normal Range"/>
        <definition value="Based on 95th percentile for the relevant control population"/>
      </concept>
      <concept>
        <code value="recommended"/>
        <display value="Recommended Range"/>
        <definition value="The range that is recommended by a relevant professional body"/>
      </concept>
      <concept>
        <code value="treatment"/>
        <display value="Treatment Range"/>
        <definition value="The range at which treatment would/should be considered"/>
      </concept>
      <concept>
        <code value="therapeutic"/>
        <display value="Therapeutic Desired Level"/>
        <definition value="The optimal range for best therapeutic outcomes"/>
        <concept>
          <code value="pre"/>
          <display value="Pre Therapeutic Desired Level"/>
          <definition value="The optimal range for best therapeutic outcomes for a specimen taken immediately before administration"/>
        </concept>
        <concept>
          <code value="post"/>
          <display value="Post Therapeutic Desired Level"/>
          <definition value="The optimal range for best therapeutic outcomes for a specimen taken immediately after administration"/>
        </concept>
      </concept>
    </concept>
    <concept>
      <code value="endocrine"/>
      <abstract value="true"/>
      <definition value="Endocrine related states that change the expected value"/>
      <concept>
        <code value="pre-puberty"/>
        <display value="Pre-Puberty"/>
        <definition value="An expected range in an individual prior to puberty"/>
      </concept>
      <concept>
        <code value="follicular"/>
        <display value="Follicular Stage"/>
        <definition value="An expected range in an individual during the follicular stage of the cycle"/>
      </concept>
      <concept>
        <code value="midcycle"/>
        <display value="MidCycle"/>
        <definition value="An expected range in an individual during the follicular stage of the cycle"/>
      </concept>
      <concept>
        <code value="luteal"/>
        <display value="Luteal"/>
        <definition value="An expected range in an individual during the luteal stage of the cycle"/>
      </concept>
      <concept>
        <code value="postmeopausal"/>
        <display value="Post-Menopause"/>
        <definition value="An expected range in an individual post-menopause"/>
      </concept>
    </concept>
  </define>
  <compose>
    <import value="http://hl7.org/fhir/v3/vs/Race"/>
    <include>
      <system value="http://snomed.info/sct"/>
      <code value="248153007"/>
      <code value="248152002"/>
      <code value="77386006"/>
    </include>
  </compose>
</ValueSet>