<?xml version="1.0" encoding="UTF-8"?>

<ValueSet xmlns="http://hl7.org/fhir">
  <text>
    <status value="generated"/>
    <div xmlns="http://www.w3.org/1999/xhtml">
      <h2>ParticipationStatus</h2>
      <p>The Participation status of an appointment</p>
      <p>This value set defines its own terms in the system http://hl7.org/fhir/participationstatus</p>
      <table>
        <tr>
          <td>
            <b>Code</b>
          </td>
          <td>
            <b>Display</b>
          </td>
          <td>
            <b>Definition</b>
          </td>
        </tr>
        <tr>
          <td>accepted
            <a name="accepted"> </a>
          </td>
          <td/>
          <td>The participant has accepted the appointment.</td>
        </tr>
        <tr>
          <td>declined
            <a name="declined"> </a>
          </td>
          <td/>
          <td>The participant has declined the appointment.</td>
        </tr>
        <tr>
          <td>tentative
            <a name="tentative"> </a>
          </td>
          <td/>
          <td>The participant has tentative the appointment.</td>
        </tr>
        <tr>
          <td>in-process
            <a name="in-process"> </a>
          </td>
          <td/>
          <td>The participant has in-process the appointment.</td>
        </tr>
        <tr>
          <td>completed
            <a name="completed"> </a>
          </td>
          <td/>
          <td>The participant has completed the appointment.</td>
        </tr>
        <tr>
          <td>needs-action
            <a name="needs-action"> </a>
          </td>
          <td/>
          <td>The participant has needs-action the appointment.</td>
        </tr>
      </table>
    </div>
  </text>
  <identifier value="http://hl7.org/fhir/vs/participationstatus"/>
  <name value="ParticipationStatus"/>
  <publisher value="HL7 (FHIR Project)"/>
  <telecom>
    <system value="url"/>
    <value value="http://hl7.org/fhir"/>
  </telecom>
  <telecom>
    <system value="email"/>
    <value value="fhir@lists.hl7.org"/>
  </telecom>
  <description value="The Participation status of an appointment"/>
  <status value="draft"/>
  <date value="2014-04-10T08:35:03.564-00:00"/>
  <define>
    <system value="http://hl7.org/fhir/participationstatus"/>
    <caseSensitive value="true"/>
    <concept>
      <code value="accepted"/>
      <definition value="The participant has accepted the appointment."/>
    </concept>
    <concept>
      <code value="declined"/>
      <definition value="The participant has declined the appointment."/>
    </concept>
    <concept>
      <code value="tentative"/>
      <definition value="The participant has tentative the appointment."/>
    </concept>
    <concept>
      <code value="in-process"/>
      <definition value="The participant has in-process the appointment."/>
    </concept>
    <concept>
      <code value="completed"/>
      <definition value="The participant has completed the appointment."/>
    </concept>
    <concept>
      <code value="needs-action"/>
      <definition value="The participant has needs-action the appointment."/>
    </concept>
  </define>
</ValueSet>